type,file,line,ref,count,detail
"MISSING","havenfall/daggeroflight/index.html","12","https://nemxnovels.site/havenfall/daggeroflight-og.webp","1","same file name exists at: havenfall/daggeroflight/daggeroflight-og.webp"
"MISSING","havenfall/sevensteps/index.html","13","https://nemxnovels.site/havenfa/sevensteps/sevensteps-og.webp","1","same file name exists at: havenfall/sevensteps/sevensteps-og.webp"
"MISSING","havenfall/sevensteps/sevensteps-chapter2.html","13","https://nemxnovels.site/havenfa/sevensteps/sevensteps-og.webp","1","same file name exists at: havenfall/sevensteps/sevensteps-og.webp"
"MISSING","nemxnovels_link_problems.txt","121","book-list-backup-20261002-122623/favicon.png","106","same file name exists at: favicon.png, havenfall/blueroom/favicon.png, havenfall-blogs/page-2/favicon.png"
"MISSING","nemxnovels_link_problems.txt","127","book-list-backup-20261002-122623/nn-logo.png","65","same file name exists at: nn-logo.png, havenfall-blogs/page-2/nn-logo.png, havenfall-blogs/page-3/nn-logo.png"
"MISSING","nemxnovels_link_problems.txt","133","book-list-backup-20261002-122623/nemxnovels.png","4","same file name exists at: nemxnovels.png"
"MISSING","nemxnovels_link_problems.txt","139","book-list-backup-20261002-122623/heroclean1.webp","4","same file name exists at: heroclean1.webp"
"MISSING","nemxnovels_link_problems.txt","151","book-list-backup-20261002-122623/left-arrow.png","85","same file name exists at: left-arrow.png, havenfall-blogs/page-2/left-arrow.png, havenfall-blogs/page-3/left-arrow.png"
"MISSING","nemxnovels_link_problems.txt","157","book-list-backup-20261002-122623/ravenport-cover.webp","141","same file name exists at: ravenport-cover.webp, havenfall-blogs/page-2/ravenport-cover.webp, havenfall-blogs/page-3/ravenport-cover.webp"
"MISSING","nemxnovels_link_problems.txt","163","book-list-backup-20261002-122623/havenfall-cover.webp","148","same file name exists at: havenfall-cover.webp, havenfall/original-story/havenfall-cover.webp, havenfall-blogs/page-2/havenfall-cover.webp"
"MISSING","nemxnovels_link_problems.txt","169","book-list-backup-20261002-122623/bewitchinggirl.webp","46","same file name exists at: bewitchinggirl.webp, havenfall-blogs/page-2/bewitchinggirl.webp, havenfall-blogs/page-3/bewitchinggirl.webp"
"MISSING","nemxnovels_link_problems.txt","175","book-list-backup-20261002-122623/angelsnotes-cover.webp","46","same file name exists at: angelsnotes-cover.webp, havenfall/AngelsNotes/angelsnotes-cover.webp, havenfall-blogs/page-2/angelsnotes-cover.webp"
"MISSING","nemxnovels_link_problems.txt","181","book-list-backup-20261002-122623/aboutmain2.png","1","same file name exists at: aboutmain2.png"
"MISSING","nemxnovels_link_problems.txt","187","book-list-backup-20261002-122623/amanda.png","2","same file name exists at: amanda.png"
"MISSING","nemxnovels_link_problems.txt","193","book-list-backup-20261002-122623/zeke.png","1","same file name exists at: zeke.png"
"MISSING","nemxnovels_link_problems.txt","199","book-list-backup-20261002-122623/confidential-profile.png","17","same file name exists at: confidential-profile.png"
"MISSING","nemxnovels_link_problems.txt","205","book-list-backup-20261002-122623/map.png","2","same file name exists at: map.png"
"MISSING","nemxnovels_link_problems.txt","211","book-list-backup-20261002-122623/amandaquote.jpg","4","same file name exists at: amandaquote.jpg"
"MISSING","nemxnovels_link_problems.txt","217","book-list-backup-20261002-122623/post1.jpg","3","same file name exists at: post1.jpg"
"MISSING","nemxnovels_link_problems.txt","223","book-list-backup-20261002-122623/footerimage4.png","1","same file name exists at: footerimage4.png"
"MISSING","nemxnovels_link_problems.txt","229","book-list-backup-20261002-122623/footerimag3.png","1","same file name exists at: footerimag3.png"
"MISSING","nemxnovels_link_problems.txt","235","book-list-backup-20261002-122623/fairy-tale.png","8","same file name exists at: fairy-tale.png"
"MISSING","nemxnovels_link_problems.txt","241","book-list-backup-20261002-122623/fairy-talewhite.png","116","same file name exists at: fairy-talewhite.png, havenfall-blogs/page-2/fairy-talewhite.png, havenfall-blogs/page-3/fairy-talewhite.png"
"MISSING","nemxnovels_link_problems.txt","247","book-list-backup-20261002-122623/quill.png","2","same file name exists at: quill.png"
"MISSING","nemxnovels_link_problems.txt","253","book-list-backup-20261002-122623/quillwhite.png","3","same file name exists at: quillwhite.png"
"MISSING","nemxnovels_link_problems.txt","271","book-list-backup-20261002-122623/storyline.png","1","same file name exists at: storyline.png"
"MISSING","nemxnovels_link_problems.txt","277","book-list-backup-20261002-122623/storylinewhite.png","2","same file name exists at: storylinewhite.png"
"MISSING","nemxnovels_link_problems.txt","283","book-list-backup-20261002-122623/style.png","1","same file name exists at: style.png"
"MISSING","nemxnovels_link_problems.txt","289","book-list-backup-20261002-122623/stylewhite.png","2","same file name exists at: stylewhite.png"
"MISSING","nemxnovels_link_problems.txt","295","book-list-backup-20261002-122623/bluelogo2.png","61","same file name exists at: bluelogo2.png, havenfall-blogs/page-2/bluelogo2.png, havenfall-blogs/page-3/bluelogo2.png"
"MISSING","nemxnovels_link_problems.txt","301","book-list-backup-20261002-122623/right-arrow-white.png","61","same file name exists at: right-arrow-white.png, havenfall-blogs/page-2/right-arrow-white.png, havenfall-blogs/page-3/right-arrow-white.png"
"MISSING","nemxnovels_link_problems.txt","307","book-list-backup-20261002-122623/blogwhite7.png","25","same file name exists at: blogwhite7.png, news/blogwhite7.png"
"MISSING","nemxnovels_link_problems.txt","313","book-list-backup-20261002-122623/newspaper-folderwhite.png","113","same file name exists at: newspaper-folderwhite.png, havenfall-blogs/page-2/newspaper-folderwhite.png, havenfall-blogs/page-3/newspaper-folderwhite.png"
"MISSING","nemxnovels_link_problems.txt","319","book-list-backup-20261002-122623/videosblak.png","112","same file name exists at: videosblak.png, havenfall-blogs/page-2/videosblak.png, havenfall-blogs/page-3/videosblak.png"
"MISSING","nemxnovels_link_problems.txt","331","book-list-backup-20261002-122623/about.png","1","same file name exists at: about.png"
"MISSING","nemxnovels_link_problems.txt","343","book-list-backup-20261002-122623/eye1.webp","263","same file name exists at: eye1.webp, havenfall-blogs/page-2/eye1.webp, havenfall-blogs/page-3/eye1.webp"
"MISSING","nemxnovels_link_problems.txt","349","book-list-backup-20261002-122623/anonymous-white.png","115","same file name exists at: anonymous-white.png, havenfall-blogs/page-2/anonymous-white.png, havenfall-blogs/page-3/anonymous-white.png"
"MISSING","nemxnovels_link_problems.txt","361","book-list-backup-20261002-122623/wall3.webp","52","same file name exists at: wall3.webp, havenfall-blogs/page-2/wall3.webp, havenfall-blogs/page-3/wall3.webp"
"MISSING","nemxnovels_link_problems.txt","367","book-list-backup-20261002-122623/hamburger.png","104","same file name exists at: hamburger.png, havenfall-blogs/page-2/hamburger.png, havenfall-blogs/page-3/hamburger.png"
"MISSING","nemxnovels_link_problems.txt","385","book-list-backup-20261002-122623/sevensteps-cover.webp","52","same file name exists at: sevensteps-cover.webp, havenfall/sevensteps/sevensteps-cover.webp, havenfall-blogs/page-2/sevensteps-cover.webp"
"MISSING","nemxnovels_link_problems.txt","391","book-list-backup-20261002-122623/birdshugs-cover.webp","54","same file name exists at: birdshugs-cover.webp, havenfall-blogs/page-2/birdshugs-cover.webp, havenfall-blogs/page-3/birdshugs-cover.webp"
"MISSING","nemxnovels_link_problems.txt","397","book-list-backup-20261002-122623/occultarcana-cover.webp","54","same file name exists at: occultarcana-cover.webp, havenfall-blogs/page-2/occultarcana-cover.webp, havenfall-blogs/page-3/occultarcana-cover.webp"
"MISSING","nemxnovels_link_problems.txt","415","book-list-backup-20261002-122623/someonewhostays-cover.webp","54","same file name exists at: someonewhostays-cover.webp, havenfall-blogs/page-2/someonewhostays-cover.webp, havenfall-blogs/page-3/someonewhostays-cover.webp"
"MISSING","nemxnovels_link_problems.txt","421","book-list-backup-20261002-122623/daggeroflight-cover.webp","54","same file name exists at: daggeroflight-cover.webp, havenfall/daggeroflight/daggeroflight-cover.webp"
"MISSING","nemxnovels_link_problems.txt","427","book-list-backup-20261002-122623/behindthecurse-cover.webp","98","same file name exists at: behindthecurse-cover.webp, havenfall-blogs/page-2/behindthecurse-cover.webp, havenfall-blogs/page-3/behindthecurse-cover.webp"
"MISSING","nemxnovels_link_problems.txt","433","book-list-backup-20261002-122623/backnforth-cover.webp","54","same file name exists at: backnforth-cover.webp, news/backnforth-cover.webp, ravenport/back&forth/backnforth-cover.webp"
"MISSING","nemxnovels_link_problems.txt","439","book-list-backup-20261002-122623/motelbloodbath-cover.webp","54","same file name exists at: motelbloodbath-cover.webp, news/motelbloodbath-cover.webp, ravenport/motelbloodbath/motelbloodbath-cover.webp"
"MISSING","nemxnovels_link_problems.txt","451","book-list-backup-20261002-122623/aboutcontrnt5.png","1","same file name exists at: aboutcontrnt5.png"
"MISSING","nemxnovels_link_problems.txt","463","book-list-backup-20261002-122623/mycroft.png","1","same file name exists at: mycroft.png"
"MISSING","nemxnovels_link_problems.txt","475","book-list-backup-20261002-122623/footerimage.png","1","same file name exists at: footerimage.png"
"MISSING","nemxnovels_link_problems.txt","589","book-list-backup-20261002-122623/bluelogo.png","51","same file name exists at: bluelogo.png, havenfall-blogs/page-2/bluelogo.png, havenfall-blogs/page-3/bluelogo.png"
"MISSING","nemxnovels_link_problems.txt","595","book-list-backup-20261002-122623/blog.png","96","same file name exists at: blog.png, havenfall-blogs/page-2/blog.png, havenfall-blogs/page-3/blog.png"
"MISSING","nemxnovels_link_problems.txt","619","book-list-backup-20261002-122623/aboutwhite.png","120","same file name exists at: aboutwhite.png, havenfall-blogs/page-2/aboutwhite.png, havenfall-blogs/page-3/aboutwhite.png"
"MISSING","nemxnovels_link_problems.txt","661","book-list-backup-20261002-122623/archive-silion.webp","4","same file name exists at: archive-silion.webp"
"MISSING","nemxnovels_link_problems.txt","727","book-list-backup-20261002-122623/raphaasylum-cover.webp","45","same file name exists at: raphaasylum-cover.webp, havenfall-blogs/page-2/raphaasylum-cover.webp, havenfall-blogs/page-3/raphaasylum-cover.webp"
"MISSING","nemxnovels_link_problems.txt","745","book-list-backup-20261002-122623/up.png","44","same file name exists at: up.png, havenfall-blogs/page-2/up.png, havenfall-blogs/page-3/up.png"
"MISSING","nemxnovels_link_problems.txt","751","book-list-backup-20261002-122623/down.png","44","same file name exists at: down.png, havenfall-blogs/page-2/down.png, havenfall-blogs/page-3/down.png"
"MISSING","nemxnovels_link_problems.txt","1087","book-list-backup-20261002-122623/curse-verse01.png","4","same file name exists at: curse-verse01.png"
"MISSING","nemxnovels_link_problems.txt","1513","book-list-backup-20261002-122623/sam.png","4","same file name exists at: sam.png"
"MISSING","nemxnovels_link_problems.txt","1939","book-list-backup-20261002-122623/dream-log01.png","3","same file name exists at: dream-log01.png"
"MISSING","nemxnovels_link_problems.txt","2203","book-list-backup-20261002-122623/immortal.webp","3","same file name exists at: immortal.webp"
"MISSING","nemxnovels_link_problems.txt","2365","book-list-backup-20261002-122623/Mine.webp","4","same file name exists at: Mine.webp"
"MISSING","nemxnovels_link_problems.txt","2791","book-list-backup-20261002-122623/mrted2.webp","4","same file name exists at: mrted2.webp"
"MISSING","nemxnovels_link_problems.txt","3217","book-list-backup-20261002-122623/stacy-1.webp","4","same file name exists at: stacy-1.webp"
"MISSING","nemxnovels_link_problems.txt","3643","book-list-backup-20261002-122623/silent.jpeg","4","same file name exists at: silent.jpeg"
"MISSING","nemxnovels_link_problems.txt","4069","book-list-backup-20261002-122623/harticle-1.webp","4","same file name exists at: harticle-1.webp"
"MISSING","nemxnovels_link_problems.txt","4075","book-list-backup-20261002-122623/emilyletter.webp","2","same file name exists at: emilyletter.webp"
"MISSING","nemxnovels_link_problems.txt","4501","book-list-backup-20261002-122623/harticle-2.webp","4","same file name exists at: harticle-2.webp"
"MISSING","nemxnovels_link_problems.txt","4927","book-list-backup-20261002-122623/harticle-3.webp","4","same file name exists at: harticle-3.webp"
"MISSING","nemxnovels_link_problems.txt","5353","book-list-backup-20261002-122623/harticle-4.webp","4","same file name exists at: harticle-4.webp"
"MISSING","nemxnovels_link_problems.txt","5755","book-list-backup-20261002-122623/newspaper-folded.png","8","same file name exists at: newspaper-folded.png, news/newspaper-folded.png"
"MISSING","nemxnovels_link_problems.txt","5905","book-list-backup-20261002-122623/ravenport-icon.png","4","same file name exists at: ravenport-icon.png, news/ravenport-icon.png"
"MISSING","nemxnovels_link_problems.txt","5911","book-list-backup-20261002-122623/havenfall-icon.png","4","same file name exists at: havenfall-icon.png, news/havenfall-icon.png"
"MISSING","nemxnovels_link_problems.txt","5917","book-list-backup-20261002-122623/havenfall-news.webp","30","same file name exists at: havenfall-news.webp, news/havenfall-news.webp"
"MISSING","nemxnovels_link_problems.txt","5923","book-list-backup-20261002-122623/hnews15.webp","4","same file name exists at: hnews15.webp"
"MISSING","nemxnovels_link_problems.txt","5935","book-list-backup-20261002-122623/hnews14.webp","4","same file name exists at: hnews14.webp"
"MISSING","nemxnovels_link_problems.txt","5947","book-list-backup-20261002-122623/hnews13.webp","4","same file name exists at: hnews13.webp"
"MISSING","nemxnovels_link_problems.txt","5959","book-list-backup-20261002-122623/hnews12.webp","4","same file name exists at: hnews12.webp"
"MISSING","nemxnovels_link_problems.txt","5971","book-list-backup-20261002-122623/hnews11.webp","4","same file name exists at: hnews11.webp"
"MISSING","nemxnovels_link_problems.txt","5983","book-list-backup-20261002-122623/hnews10.webp","2","same file name exists at: hnews10.webp"
"MISSING","nemxnovels_link_problems.txt","5995","book-list-backup-20261002-122623/hnews9.webp","4","same file name exists at: hnews9.webp"
"MISSING","nemxnovels_link_problems.txt","6007","book-list-backup-20261002-122623/hnews8.webp","4","same file name exists at: hnews8.webp"
"MISSING","nemxnovels_link_problems.txt","6019","book-list-backup-20261002-122623/hnews7.webp","4","same file name exists at: hnews7.webp"
"MISSING","nemxnovels_link_problems.txt","6031","book-list-backup-20261002-122623/hnews3.webp","4","same file name exists at: hnews3.webp"
"MISSING","nemxnovels_link_problems.txt","6043","book-list-backup-20261002-122623/hnews1.webp","4","same file name exists at: hnews1.webp"
"MISSING","nemxnovels_link_problems.txt","6055","book-list-backup-20261002-122623/hnews2.webp","4","same file name exists at: hnews2.webp"
"MISSING","nemxnovels_link_problems.txt","6067","book-list-backup-20261002-122623/hnews6.webp","4","same file name exists at: hnews6.webp"
"MISSING","nemxnovels_link_problems.txt","6079","book-list-backup-20261002-122623/hnews4.webp","4","same file name exists at: hnews4.webp"
"MISSING","nemxnovels_link_problems.txt","6091","book-list-backup-20261002-122623/hnews5.webp","4","same file name exists at: hnews5.webp"
"MISSING","nemxnovels_link_problems.txt","6601","book-list-backup-20261002-122623/havenfall-blogs/page-2/bluelogo.png","8","same file name exists at: bluelogo.png, havenfall-blogs/page-2/bluelogo.png, havenfall-blogs/page-3/bluelogo.png"
"MISSING","nemxnovels_link_problems.txt","6607","book-list-backup-20261002-122623/havenfall-blogs/page-2/blog.png","18","same file name exists at: blog.png, havenfall-blogs/page-2/blog.png, havenfall-blogs/page-3/blog.png"
"MISSING","nemxnovels_link_problems.txt","6613","book-list-backup-20261002-122623/havenfall-blogs/page-2/newspaper-folderwhite.png","18","same file name exists at: newspaper-folderwhite.png, havenfall-blogs/page-2/newspaper-folderwhite.png, havenfall-blogs/page-3/newspaper-folderwhite.png"
"MISSING","nemxnovels_link_problems.txt","6625","book-list-backup-20261002-122623/havenfall-blogs/page-2/videosblak.png","18","same file name exists at: videosblak.png, havenfall-blogs/page-2/videosblak.png, havenfall-blogs/page-3/videosblak.png"
"MISSING","nemxnovels_link_problems.txt","6631","book-list-backup-20261002-122623/havenfall-blogs/page-2/fairy-talewhite.png","18","same file name exists at: fairy-talewhite.png, havenfall-blogs/page-2/fairy-talewhite.png, havenfall-blogs/page-3/fairy-talewhite.png"
"MISSING","nemxnovels_link_problems.txt","6643","book-list-backup-20261002-122623/havenfall-blogs/page-2/aboutwhite.png","18","same file name exists at: aboutwhite.png, havenfall-blogs/page-2/aboutwhite.png, havenfall-blogs/page-3/aboutwhite.png"
"MISSING","nemxnovels_link_problems.txt","6661","book-list-backup-20261002-122623/havenfall-blogs/page-2/eye1.webp","40","same file name exists at: eye1.webp, havenfall-blogs/page-2/eye1.webp, havenfall-blogs/page-3/eye1.webp"
"MISSING","nemxnovels_link_problems.txt","6667","book-list-backup-20261002-122623/havenfall-blogs/page-2/anonymous-white.png","17","same file name exists at: anonymous-white.png, havenfall-blogs/page-2/anonymous-white.png, havenfall-blogs/page-3/anonymous-white.png"
"MISSING","nemxnovels_link_problems.txt","6673","book-list-backup-20261002-122623/havenfall-blogs/page-2/left-arrow.png","14","same file name exists at: left-arrow.png, havenfall-blogs/page-2/left-arrow.png, havenfall-blogs/page-3/left-arrow.png"
"MISSING","nemxnovels_link_problems.txt","6691","book-list-backup-20261002-122623/havenfall-blogs/page-2/charisma.webp","4","same file name exists at: havenfall-blogs/page-2/charisma.webp"
"MISSING","nemxnovels_link_problems.txt","6709","book-list-backup-20261002-122623/havenfall-blogs/page-2/ravenport-cover.webp","16","same file name exists at: ravenport-cover.webp, havenfall-blogs/page-2/ravenport-cover.webp, havenfall-blogs/page-3/ravenport-cover.webp"
"MISSING","nemxnovels_link_problems.txt","6721","book-list-backup-20261002-122623/havenfall-blogs/page-2/havenfall-cover.webp","55","same file name exists at: havenfall-cover.webp, havenfall/original-story/havenfall-cover.webp, havenfall-blogs/page-2/havenfall-cover.webp"
"MISSING","nemxnovels_link_problems.txt","6733","book-list-backup-20261002-122623/havenfall-blogs/page-2/angelsnotes-cover.webp","7","same file name exists at: angelsnotes-cover.webp, havenfall/AngelsNotes/angelsnotes-cover.webp, havenfall-blogs/page-2/angelsnotes-cover.webp"
"MISSING","nemxnovels_link_problems.txt","6745","book-list-backup-20261002-122623/havenfall-blogs/page-2/bewitchinggirl.webp","7","same file name exists at: bewitchinggirl.webp, havenfall-blogs/page-2/bewitchinggirl.webp, havenfall-blogs/page-3/bewitchinggirl.webp"
"MISSING","nemxnovels_link_problems.txt","6757","book-list-backup-20261002-122623/havenfall-blogs/page-2/raphaasylum-cover.webp","7","same file name exists at: raphaasylum-cover.webp, havenfall-blogs/page-2/raphaasylum-cover.webp, havenfall-blogs/page-3/raphaasylum-cover.webp"
"MISSING","nemxnovels_link_problems.txt","6769","book-list-backup-20261002-122623/havenfall-blogs/page-2/behindthecurse-cover.webp","15","same file name exists at: behindthecurse-cover.webp, havenfall-blogs/page-2/behindthecurse-cover.webp, havenfall-blogs/page-3/behindthecurse-cover.webp"
"MISSING","nemxnovels_link_problems.txt","6775","book-list-backup-20261002-122623/havenfall-blogs/page-2/up.png","7","same file name exists at: up.png, havenfall-blogs/page-2/up.png, havenfall-blogs/page-3/up.png"
"MISSING","nemxnovels_link_problems.txt","6781","book-list-backup-20261002-122623/havenfall-blogs/page-2/down.png","7","same file name exists at: down.png, havenfall-blogs/page-2/down.png, havenfall-blogs/page-3/down.png"
"MISSING","nemxnovels_link_problems.txt","6787","book-list-backup-20261002-122623/havenfall-blogs/page-2/bluelogo2.png","9","same file name exists at: bluelogo2.png, havenfall-blogs/page-2/bluelogo2.png, havenfall-blogs/page-3/bluelogo2.png"
"MISSING","nemxnovels_link_problems.txt","6793","book-list-backup-20261002-122623/havenfall-blogs/page-2/right-arrow-white.png","9","same file name exists at: right-arrow-white.png, havenfall-blogs/page-2/right-arrow-white.png, havenfall-blogs/page-3/right-arrow-white.png"
"MISSING","nemxnovels_link_problems.txt","6883","book-list-backup-20261002-122623/havenfall-blogs/page-2/nn-logo.png","9","same file name exists at: nn-logo.png, havenfall-blogs/page-2/nn-logo.png, havenfall-blogs/page-3/nn-logo.png"
"MISSING","nemxnovels_link_problems.txt","6889","book-list-backup-20261002-122623/havenfall-blogs/page-2/wall3.webp","8","same file name exists at: wall3.webp, havenfall-blogs/page-2/wall3.webp, havenfall-blogs/page-3/wall3.webp"
"MISSING","nemxnovels_link_problems.txt","6895","book-list-backup-20261002-122623/havenfall-blogs/page-2/hamburger.png","16","same file name exists at: hamburger.png, havenfall-blogs/page-2/hamburger.png, havenfall-blogs/page-3/hamburger.png"
"MISSING","nemxnovels_link_problems.txt","6913","book-list-backup-20261002-122623/havenfall-blogs/page-2/sevensteps-cover.webp","8","same file name exists at: sevensteps-cover.webp, havenfall/sevensteps/sevensteps-cover.webp, havenfall-blogs/page-2/sevensteps-cover.webp"
"MISSING","nemxnovels_link_problems.txt","6919","book-list-backup-20261002-122623/havenfall-blogs/page-2/birdshugs-cover.webp","8","same file name exists at: birdshugs-cover.webp, havenfall-blogs/page-2/birdshugs-cover.webp, havenfall-blogs/page-3/birdshugs-cover.webp"
"MISSING","nemxnovels_link_problems.txt","6925","book-list-backup-20261002-122623/havenfall-blogs/page-2/occultarcana-cover.webp","8","same file name exists at: occultarcana-cover.webp, havenfall-blogs/page-2/occultarcana-cover.webp, havenfall-blogs/page-3/occultarcana-cover.webp"
"MISSING","nemxnovels_link_problems.txt","6943","book-list-backup-20261002-122623/havenfall-blogs/page-2/someonewhostays-cover.webp","8","same file name exists at: someonewhostays-cover.webp, havenfall-blogs/page-2/someonewhostays-cover.webp, havenfall-blogs/page-3/someonewhostays-cover.webp"
"MISSING","nemxnovels_link_problems.txt","6949","book-list-backup-20261002-122623/havenfall-blogs/page-2/daggeroflight-cover.webp","8","same file name exists at: daggeroflight-cover.webp, havenfall/daggeroflight/daggeroflight-cover.webp"
"MISSING","nemxnovels_link_problems.txt","6961","book-list-backup-20261002-122623/havenfall-blogs/page-2/backnforth-cover.webp","8","same file name exists at: backnforth-cover.webp, news/backnforth-cover.webp, ravenport/back&forth/backnforth-cover.webp"
"MISSING","nemxnovels_link_problems.txt","6967","book-list-backup-20261002-122623/havenfall-blogs/page-2/motelbloodbath-cover.webp","8","same file name exists at: motelbloodbath-cover.webp, news/motelbloodbath-cover.webp, ravenport/motelbloodbath/motelbloodbath-cover.webp"
"MISSING","nemxnovels_link_problems.txt","7171","book-list-backup-20261002-122623/havenfall-blogs/page-2/boba.webp","4","same file name exists at: havenfall-blogs/page-2/boba.webp"
"MISSING","nemxnovels_link_problems.txt","7651","book-list-backup-20261002-122623/havenfall-blogs/page-2/shadow.webp","4","same file name exists at: havenfall-blogs/page-2/shadow.webp"
"MISSING","nemxnovels_link_problems.txt","8131","book-list-backup-20261002-122623/havenfall-blogs/page-2/future.webp","4","same file name exists at: havenfall-blogs/page-2/future.webp"
"MISSING","nemxnovels_link_problems.txt","8611","book-list-backup-20261002-122623/havenfall-blogs/page-2/fakecrime.webp","4","same file name exists at: havenfall-blogs/page-2/fakecrime.webp"
"MISSING","nemxnovels_link_problems.txt","9091","book-list-backup-20261002-122623/havenfall-blogs/page-2/uniletter.webp","4","same file name exists at: havenfall-blogs/page-2/uniletter.webp"
"MISSING","nemxnovels_link_problems.txt","9571","book-list-backup-20261002-122623/havenfall-blogs/page-2/kidney.webp","4","same file name exists at: havenfall-blogs/page-2/kidney.webp"
"MISSING","nemxnovels_link_problems.txt","10009","book-list-backup-20261002-122623/havenfall-blogs/page-2/favicon.png","1","same file name exists at: favicon.png, havenfall/blueroom/favicon.png, havenfall-blogs/page-2/favicon.png"
"MISSING","nemxnovels_link_problems.txt","10177","book-list-backup-20261002-122623/havenfall-blogs/page-2/mayor.jpg","2","same file name exists at: havenfall-blogs/page-2/mayor.jpg"
"MISSING","nemxnovels_link_problems.txt","10189","book-list-backup-20261002-122623/havenfall-blogs/page-2/heart.webp","2","same file name exists at: havenfall-blogs/page-2/heart.webp"
"MISSING","nemxnovels_link_problems.txt","10201","book-list-backup-20261002-122623/havenfall-blogs/page-2/panty.webp","2","same file name exists at: havenfall-blogs/page-2/panty.webp"
"MISSING","nemxnovels_link_problems.txt","10213","book-list-backup-20261002-122623/havenfall-blogs/page-2/band.webp","2","same file name exists at: havenfall-blogs/page-2/band.webp"
"MISSING","nemxnovels_link_problems.txt","10225","book-list-backup-20261002-122623/havenfall-blogs/page-2/freezeday.webp","2","same file name exists at: havenfall-blogs/page-2/freezeday.webp"
"MISSING","nemxnovels_link_problems.txt","10237","book-list-backup-20261002-122623/havenfall-blogs/page-2/tall.webp","2","same file name exists at: havenfall-blogs/page-2/tall.webp"
"MISSING","nemxnovels_link_problems.txt","10249","book-list-backup-20261002-122623/havenfall-blogs/page-2/jewelry.webp","2","same file name exists at: havenfall-blogs/page-2/jewelry.webp"
"MISSING","nemxnovels_link_problems.txt","10297","book-list-backup-20261002-122623/havenfall-blogs/page-2/dopestylelogo.webp","2","same file name exists at: havenfall-blogs/page-2/dopestylelogo.webp"
"MISSING","nemxnovels_link_problems.txt","10321","book-list-backup-20261002-122623/havenfall-blogs/page-2/lovers.webp","2","same file name exists at: havenfall-blogs/page-2/lovers.webp"
"MISSING","nemxnovels_link_problems.txt","10333","book-list-backup-20261002-122623/havenfall-blogs/page-2/goth.webp","2","same file name exists at: havenfall-blogs/page-2/goth.webp"
"MISSING","nemxnovels_link_problems.txt","10369","book-list-backup-20261002-122623/havenfall-blogs/page-2/takeit.webp","2","same file name exists at: havenfall-blogs/page-2/takeit.webp"
"MISSING","nemxnovels_link_problems.txt","10381","book-list-backup-20261002-122623/havenfall-blogs/page-2/scorpio.webp","2","same file name exists at: havenfall-blogs/page-2/scorpio.webp"
"MISSING","nemxnovels_link_problems.txt","10405","book-list-backup-20261002-122623/havenfall-blogs/page-2/time.webp","2","same file name exists at: havenfall-blogs/page-2/time.webp"
"MISSING","nemxnovels_link_problems.txt","10411","book-list-backup-20261002-122623/havenfall-blogs/page-2/amanda.webp","1","same file name exists at: amanda.webp, havenfall-blogs/page-2/amanda.webp, havenfall-blogs/page-3/amanda.webp"
"MISSING","nemxnovels_link_problems.txt","10417","book-list-backup-20261002-122623/havenfall-blogs/page-2/zeke.webp","1","same file name exists at: zeke.webp, havenfall-blogs/page-2/zeke.webp, havenfall-blogs/page-3/zeke.webp"
"MISSING","nemxnovels_link_problems.txt","10423","book-list-backup-20261002-122623/havenfall-blogs/page-2/letheprofile.png","1","same file name exists at: letheprofile.png, havenfall-blogs/page-2/letheprofile.png, havenfall-blogs/page-3/letheprofile.png"
"MISSING","nemxnovels_link_problems.txt","10921","book-list-backup-20261002-122623/havenfall-blogs/page-3/bluelogo.png","6","same file name exists at: bluelogo.png, havenfall-blogs/page-2/bluelogo.png, havenfall-blogs/page-3/bluelogo.png"
"MISSING","nemxnovels_link_problems.txt","10927","book-list-backup-20261002-122623/havenfall-blogs/page-3/blog.png","14","same file name exists at: blog.png, havenfall-blogs/page-2/blog.png, havenfall-blogs/page-3/blog.png"
"MISSING","nemxnovels_link_problems.txt","10933","book-list-backup-20261002-122623/havenfall-blogs/page-3/newspaper-folderwhite.png","14","same file name exists at: newspaper-folderwhite.png, havenfall-blogs/page-2/newspaper-folderwhite.png, havenfall-blogs/page-3/newspaper-folderwhite.png"
"MISSING","nemxnovels_link_problems.txt","10945","book-list-backup-20261002-122623/havenfall-blogs/page-3/videosblak.png","14","same file name exists at: videosblak.png, havenfall-blogs/page-2/videosblak.png, havenfall-blogs/page-3/videosblak.png"
"MISSING","nemxnovels_link_problems.txt","10951","book-list-backup-20261002-122623/havenfall-blogs/page-3/fairy-talewhite.png","14","same file name exists at: fairy-talewhite.png, havenfall-blogs/page-2/fairy-talewhite.png, havenfall-blogs/page-3/fairy-talewhite.png"
"MISSING","nemxnovels_link_problems.txt","10963","book-list-backup-20261002-122623/havenfall-blogs/page-3/aboutwhite.png","14","same file name exists at: aboutwhite.png, havenfall-blogs/page-2/aboutwhite.png, havenfall-blogs/page-3/aboutwhite.png"
"MISSING","nemxnovels_link_problems.txt","10981","book-list-backup-20261002-122623/havenfall-blogs/page-3/eye1.webp","30","same file name exists at: eye1.webp, havenfall-blogs/page-2/eye1.webp, havenfall-blogs/page-3/eye1.webp"
"MISSING","nemxnovels_link_problems.txt","10987","book-list-backup-20261002-122623/havenfall-blogs/page-3/anonymous-white.png","13","same file name exists at: anonymous-white.png, havenfall-blogs/page-2/anonymous-white.png, havenfall-blogs/page-3/anonymous-white.png"
"MISSING","nemxnovels_link_problems.txt","10993","book-list-backup-20261002-122623/havenfall-blogs/page-3/left-arrow.png","10","same file name exists at: left-arrow.png, havenfall-blogs/page-2/left-arrow.png, havenfall-blogs/page-3/left-arrow.png"
"MISSING","nemxnovels_link_problems.txt","11011","book-list-backup-20261002-122623/havenfall-blogs/page-3/realestate.webp","4","same file name exists at: havenfall-blogs/page-3/realestate.webp"
"MISSING","nemxnovels_link_problems.txt","11029","book-list-backup-20261002-122623/havenfall-blogs/page-3/ravenport-cover.webp","12","same file name exists at: ravenport-cover.webp, havenfall-blogs/page-2/ravenport-cover.webp, havenfall-blogs/page-3/ravenport-cover.webp"
"MISSING","nemxnovels_link_problems.txt","11041","book-list-backup-20261002-122623/havenfall-blogs/page-3/havenfall-cover.webp","55","same file name exists at: havenfall-cover.webp, havenfall/original-story/havenfall-cover.webp, havenfall-blogs/page-2/havenfall-cover.webp"
"MISSING","nemxnovels_link_problems.txt","11053","book-list-backup-20261002-122623/havenfall-blogs/page-3/angelsnotes-cover.webp","5","same file name exists at: angelsnotes-cover.webp, havenfall/AngelsNotes/angelsnotes-cover.webp, havenfall-blogs/page-2/angelsnotes-cover.webp"
"MISSING","nemxnovels_link_problems.txt","11065","book-list-backup-20261002-122623/havenfall-blogs/page-3/bewitchinggirl.webp","5","same file name exists at: bewitchinggirl.webp, havenfall-blogs/page-2/bewitchinggirl.webp, havenfall-blogs/page-3/bewitchinggirl.webp"
"MISSING","nemxnovels_link_problems.txt","11077","book-list-backup-20261002-122623/havenfall-blogs/page-3/raphaasylum-cover.webp","5","same file name exists at: raphaasylum-cover.webp, havenfall-blogs/page-2/raphaasylum-cover.webp, havenfall-blogs/page-3/raphaasylum-cover.webp"
"MISSING","nemxnovels_link_problems.txt","11089","book-list-backup-20261002-122623/havenfall-blogs/page-3/behindthecurse-cover.webp","11","same file name exists at: behindthecurse-cover.webp, havenfall-blogs/page-2/behindthecurse-cover.webp, havenfall-blogs/page-3/behindthecurse-cover.webp"
"MISSING","nemxnovels_link_problems.txt","11095","book-list-backup-20261002-122623/havenfall-blogs/page-3/up.png","5","same file name exists at: up.png, havenfall-blogs/page-2/up.png, havenfall-blogs/page-3/up.png"
"MISSING","nemxnovels_link_problems.txt","11101","book-list-backup-20261002-122623/havenfall-blogs/page-3/down.png","5","same file name exists at: down.png, havenfall-blogs/page-2/down.png, havenfall-blogs/page-3/down.png"
"MISSING","nemxnovels_link_problems.txt","11107","book-list-backup-20261002-122623/havenfall-blogs/page-3/bluelogo2.png","7","same file name exists at: bluelogo2.png, havenfall-blogs/page-2/bluelogo2.png, havenfall-blogs/page-3/bluelogo2.png"
"MISSING","nemxnovels_link_problems.txt","11113","book-list-backup-20261002-122623/havenfall-blogs/page-3/right-arrow-white.png","7","same file name exists at: right-arrow-white.png, havenfall-blogs/page-2/right-arrow-white.png, havenfall-blogs/page-3/right-arrow-white.png"
"MISSING","nemxnovels_link_problems.txt","11209","book-list-backup-20261002-122623/havenfall-blogs/page-3/nn-logo.png","7","same file name exists at: nn-logo.png, havenfall-blogs/page-2/nn-logo.png, havenfall-blogs/page-3/nn-logo.png"
"MISSING","nemxnovels_link_problems.txt","11215","book-list-backup-20261002-122623/havenfall-blogs/page-3/wall3.webp","6","same file name exists at: wall3.webp, havenfall-blogs/page-2/wall3.webp, havenfall-blogs/page-3/wall3.webp"
"MISSING","nemxnovels_link_problems.txt","11221","book-list-backup-20261002-122623/havenfall-blogs/page-3/hamburger.png","12","same file name exists at: hamburger.png, havenfall-blogs/page-2/hamburger.png, havenfall-blogs/page-3/hamburger.png"
"MISSING","nemxnovels_link_problems.txt","11239","book-list-backup-20261002-122623/havenfall-blogs/page-3/sevensteps-cover.webp","6","same file name exists at: sevensteps-cover.webp, havenfall/sevensteps/sevensteps-cover.webp, havenfall-blogs/page-2/sevensteps-cover.webp"
"MISSING","nemxnovels_link_problems.txt","11245","book-list-backup-20261002-122623/havenfall-blogs/page-3/birdshugs-cover.webp","6","same file name exists at: birdshugs-cover.webp, havenfall-blogs/page-2/birdshugs-cover.webp, havenfall-blogs/page-3/birdshugs-cover.webp"
"MISSING","nemxnovels_link_problems.txt","11251","book-list-backup-20261002-122623/havenfall-blogs/page-3/occultarcana-cover.webp","6","same file name exists at: occultarcana-cover.webp, havenfall-blogs/page-2/occultarcana-cover.webp, havenfall-blogs/page-3/occultarcana-cover.webp"
"MISSING","nemxnovels_link_problems.txt","11269","book-list-backup-20261002-122623/havenfall-blogs/page-3/someonewhostays-cover.webp","6","same file name exists at: someonewhostays-cover.webp, havenfall-blogs/page-2/someonewhostays-cover.webp, havenfall-blogs/page-3/someonewhostays-cover.webp"
"MISSING","nemxnovels_link_problems.txt","11275","book-list-backup-20261002-122623/havenfall-blogs/page-3/daggeroflight-cover.webp","6","same file name exists at: daggeroflight-cover.webp, havenfall/daggeroflight/daggeroflight-cover.webp"
"MISSING","nemxnovels_link_problems.txt","11287","book-list-backup-20261002-122623/havenfall-blogs/page-3/backnforth-cover.webp","6","same file name exists at: backnforth-cover.webp, news/backnforth-cover.webp, ravenport/back&forth/backnforth-cover.webp"
"MISSING","nemxnovels_link_problems.txt","11293","book-list-backup-20261002-122623/havenfall-blogs/page-3/motelbloodbath-cover.webp","6","same file name exists at: motelbloodbath-cover.webp, news/motelbloodbath-cover.webp, ravenport/motelbloodbath/motelbloodbath-cover.webp"
"MISSING","nemxnovels_link_problems.txt","11497","book-list-backup-20261002-122623/havenfall-blogs/page-3/church.webp","4","same file name exists at: havenfall-blogs/page-3/church.webp"
"MISSING","nemxnovels_link_problems.txt","11983","book-list-backup-20261002-122623/havenfall-blogs/page-3/musiccope.webp","4","same file name exists at: havenfall-blogs/page-3/musiccope.webp"
"MISSING","nemxnovels_link_problems.txt","12469","book-list-backup-20261002-122623/havenfall-blogs/page-3/forever.webp","4","same file name exists at: havenfall-blogs/page-3/forever.webp"
"MISSING","nemxnovels_link_problems.txt","12955","book-list-backup-20261002-122623/havenfall-blogs/page-3/musicboy.webp","4","same file name exists at: havenfall-blogs/page-3/musicboy.webp"
"MISSING","nemxnovels_link_problems.txt","13399","book-list-backup-20261002-122623/havenfall-blogs/page-3/favicon.png","1","same file name exists at: favicon.png, havenfall/blueroom/favicon.png, havenfall-blogs/page-2/favicon.png"
"MISSING","nemxnovels_link_problems.txt","13567","book-list-backup-20261002-122623/havenfall-blogs/page-3/image-9.webp","2","same file name exists at: havenfall-blogs/page-3/image-9.webp"
"MISSING","nemxnovels_link_problems.txt","13579","book-list-backup-20261002-122623/havenfall-blogs/page-3/image-3.webp","2","same file name exists at: havenfall-blogs/page-3/image-3.webp"
"MISSING","nemxnovels_link_problems.txt","13591","book-list-backup-20261002-122623/havenfall-blogs/page-3/image-8.webp","2","same file name exists at: havenfall-blogs/page-3/image-8.webp"
"MISSING","nemxnovels_link_problems.txt","13603","book-list-backup-20261002-122623/havenfall-blogs/page-3/image-15.webp","2","same file name exists at: havenfall-blogs/page-3/image-15.webp"
"MISSING","nemxnovels_link_problems.txt","13615","book-list-backup-20261002-122623/havenfall-blogs/page-3/mustang.webp","2","same file name exists at: havenfall-blogs/page-3/mustang.webp"
"MISSING","nemxnovels_link_problems.txt","13627","book-list-backup-20261002-122623/havenfall-blogs/page-3/imdepressed.webp","2","same file name exists at: havenfall-blogs/page-3/imdepressed.webp"
"MISSING","nemxnovels_link_problems.txt","13639","book-list-backup-20261002-122623/havenfall-blogs/page-3/baby.webp","2","same file name exists at: havenfall-blogs/page-3/baby.webp"
"MISSING","nemxnovels_link_problems.txt","13651","book-list-backup-20261002-122623/havenfall-blogs/page-3/image-13.webp","2","same file name exists at: havenfall-blogs/page-3/image-13.webp"
"MISSING","nemxnovels_link_problems.txt","13663","book-list-backup-20261002-122623/havenfall-blogs/page-3/image-1.jpg","2","same file name exists at: havenfall-blogs/page-3/image-1.jpg"
"MISSING","nemxnovels_link_problems.txt","13675","book-list-backup-20261002-122623/havenfall-blogs/page-3/image-2.jpg","2","same file name exists at: havenfall-blogs/page-3/image-2.jpg"
"MISSING","nemxnovels_link_problems.txt","13687","book-list-backup-20261002-122623/havenfall-blogs/page-3/image-18.jpg","2","same file name exists at: havenfall-blogs/page-3/image-18.jpg"
"MISSING","nemxnovels_link_problems.txt","13711","book-list-backup-20261002-122623/havenfall-blogs/page-3/neck.webp","2","same file name exists at: havenfall-blogs/page-3/neck.webp"
"MISSING","nemxnovels_link_problems.txt","13723","book-list-backup-20261002-122623/havenfall-blogs/page-3/religion.webp","2","same file name exists at: havenfall-blogs/page-3/religion.webp"
"MISSING","nemxnovels_link_problems.txt","13735","book-list-backup-20261002-122623/havenfall-blogs/page-3/sheloves.webp","2","same file name exists at: havenfall-blogs/page-3/sheloves.webp"
"MISSING","nemxnovels_link_problems.txt","13759","book-list-backup-20261002-122623/havenfall-blogs/page-3/dogs.webp","2","same file name exists at: havenfall-blogs/page-3/dogs.webp"
"MISSING","nemxnovels_link_problems.txt","13771","book-list-backup-20261002-122623/havenfall-blogs/page-3/gothculture.webp","2","same file name exists at: havenfall-blogs/page-3/gothculture.webp"
"MISSING","nemxnovels_link_problems.txt","13783","book-list-backup-20261002-122623/havenfall-blogs/page-3/missile.webp","2","same file name exists at: havenfall-blogs/page-3/missile.webp"
"MISSING","nemxnovels_link_problems.txt","13789","book-list-backup-20261002-122623/havenfall-blogs/page-3/amanda.webp","1","same file name exists at: amanda.webp, havenfall-blogs/page-2/amanda.webp, havenfall-blogs/page-3/amanda.webp"
"MISSING","nemxnovels_link_problems.txt","13795","book-list-backup-20261002-122623/havenfall-blogs/page-3/zeke.webp","1","same file name exists at: zeke.webp, havenfall-blogs/page-2/zeke.webp, havenfall-blogs/page-3/zeke.webp"
"MISSING","nemxnovels_link_problems.txt","13801","book-list-backup-20261002-122623/havenfall-blogs/page-3/letheprofile.png","1","same file name exists at: letheprofile.png, havenfall-blogs/page-2/letheprofile.png, havenfall-blogs/page-3/letheprofile.png"
"MISSING","nemxnovels_link_problems.txt","14857","book-list-backup-20261002-122623/hnews-10.webp","2",""
"MISSING","nemxnovels_link_problems.txt","20839","book-list-backup-20261002-122623/right-arrow.png","3","same file name exists at: right-arrow.png"
"MISSING","nemxnovels_link_problems.txt","21055","book-list-backup-20261002-122623/WelcomeRVP.jpg","2","same file name exists at: WelcomeRVP.jpg"
"MISSING","nemxnovels_link_problems.txt","21067","book-list-backup-20261002-122623/movie.webp","2","same file name exists at: movie.webp"
"MISSING","nemxnovels_link_problems.txt","21079","book-list-backup-20261002-122623/sleeppara.webp","2","same file name exists at: sleeppara.webp"
"MISSING","nemxnovels_link_problems.txt","21091","book-list-backup-20261002-122623/jessies.webp","2","same file name exists at: jessies.webp"
"MISSING","nemxnovels_link_problems.txt","21103","book-list-backup-20261002-122623/blacktemplar.webp","2","same file name exists at: blacktemplar.webp"
"MISSING","nemxnovels_link_problems.txt","21109","book-list-backup-20261002-122623/sensual.png","2","same file name exists at: sensual.png"
"MISSING","nemxnovels_link_problems.txt","21115","book-list-backup-20261002-122623/sensual1.webp","2","same file name exists at: sensual1.webp"
"MISSING","nemxnovels_link_problems.txt","21121","book-list-backup-20261002-122623/stacyprofilepic.webp","2","same file name exists at: stacyprofilepic.webp"
"MISSING","nemxnovels_link_problems.txt","21133","book-list-backup-20261002-122623/mrted.webp","8","same file name exists at: mrted.webp"
"MISSING","nemxnovels_link_problems.txt","21145","book-list-backup-20261002-122623/prometheuslogo.png","10","same file name exists at: prometheuslogo.png"
"MISSING","nemxnovels_link_problems.txt","21157","book-list-backup-20261002-122623/confidential.png","18","same file name exists at: confidential.png"
"MISSING","nemxnovels_link_problems.txt","21169","book-list-backup-20261002-122623/quote-3.webp","2","same file name exists at: quote-3.webp"
"MISSING","nemxnovels_link_problems.txt","21175","book-list-backup-20261002-122623/rbi.jpg","4","same file name exists at: rbi.jpg"
"MISSING","nemxnovels_link_problems.txt","21181","book-list-backup-20261002-122623/rbi1.webp","2","same file name exists at: rbi1.webp"
"MISSING","nemxnovels_link_problems.txt","21211","book-list-backup-20261002-122623/ted4.webp","2","same file name exists at: ted4.webp"
"MISSING","nemxnovels_link_problems.txt","21223","book-list-backup-20261002-122623/ted3.webp","2","same file name exists at: ted3.webp"
"MISSING","nemxnovels_link_problems.txt","21229","book-list-backup-20261002-122623/amanda.webp","6","same file name exists at: amanda.webp, havenfall-blogs/page-2/amanda.webp, havenfall-blogs/page-3/amanda.webp"
"MISSING","nemxnovels_link_problems.txt","21247","book-list-backup-20261002-122623/rbi3.webp","2","same file name exists at: rbi3.webp"
"MISSING","nemxnovels_link_problems.txt","21259","book-list-backup-20261002-122623/promeriddle.png","3","same file name exists at: promeriddle.png"
"MISSING","nemxnovels_link_problems.txt","21271","book-list-backup-20261002-122623/ted2.png","2","same file name exists at: ted2.png"
"MISSING","nemxnovels_link_problems.txt","21277","book-list-backup-20261002-122623/zeke.webp","5","same file name exists at: zeke.webp, havenfall-blogs/page-2/zeke.webp, havenfall-blogs/page-3/zeke.webp"
"MISSING","nemxnovels_link_problems.txt","21319","book-list-backup-20261002-122623/quote-6.webp","2","same file name exists at: quote-6.webp"
"MISSING","nemxnovels_link_problems.txt","21337","book-list-backup-20261002-122623/letheprofile.png","3","same file name exists at: letheprofile.png, havenfall-blogs/page-2/letheprofile.png, havenfall-blogs/page-3/letheprofile.png"
"MISSING","nemxnovels_link_problems.txt","22159","book-list-backup-20261002-122623/post2.jpg","2","same file name exists at: post2.jpg"
"MISSING","nemxnovels_link_problems.txt","22201","book-list-backup-20261002-122623/entity.webp","2","same file name exists at: entity.webp"
"MISSING","nemxnovels_link_problems.txt","22861","book-list-backup-20261002-122623/hblog-6.webp","2","same file name exists at: hblog-6.webp"
"MISSING","nemxnovels_link_problems.txt","22873","book-list-backup-20261002-122623/hblog-7.jpg","2","same file name exists at: hblog-7.jpg"
"MISSING","nemxnovels_link_problems.txt","22885","book-list-backup-20261002-122623/hblog-14.webp","2","same file name exists at: hblog-14.webp"
"MISSING","nemxnovels_link_problems.txt","22891","book-list-backup-20261002-122623/danielj.webp","6","same file name exists at: danielj.webp"
"MISSING","nemxnovels_link_problems.txt","22909","book-list-backup-20261002-122623/hblog-13.webp","2","same file name exists at: hblog-13.webp"
"MISSING","nemxnovels_link_problems.txt","22921","book-list-backup-20261002-122623/hblog-1.webp","2","same file name exists at: hblog-1.webp"
"MISSING","nemxnovels_link_problems.txt","22945","book-list-backup-20261002-122623/hblog-2.webp","2","same file name exists at: hblog-2.webp"
"MISSING","nemxnovels_link_problems.txt","22957","book-list-backup-20261002-122623/hblog-12.webp","2","same file name exists at: hblog-12.webp"
"MISSING","nemxnovels_link_problems.txt","22969","book-list-backup-20261002-122623/hblog-3.webp","2","same file name exists at: hblog-3.webp"
"MISSING","nemxnovels_link_problems.txt","22993","book-list-backup-20261002-122623/hblog-11.webp","2","same file name exists at: hblog-11.webp"
"MISSING","nemxnovels_link_problems.txt","23005","book-list-backup-20261002-122623/hblog-10.webp","2","same file name exists at: hblog-10.webp"
"MISSING","nemxnovels_link_problems.txt","23017","book-list-backup-20261002-122623/hblog-9.webp","2","same file name exists at: hblog-9.webp"
"MISSING","nemxnovels_link_problems.txt","23029","book-list-backup-20261002-122623/hblog-4.webp","2","same file name exists at: hblog-4.webp"
"MISSING","nemxnovels_link_problems.txt","23041","book-list-backup-20261002-122623/hblog-8.webp","2","same file name exists at: hblog-8.webp"
"MISSING","nemxnovels_link_problems.txt","23053","book-list-backup-20261002-122623/hblog-5.webp","2","same file name exists at: hblog-5.webp"
"MISSING","nemxnovels_link_problems.txt","23659","book-list-backup-20261002-122623/news-silion.png","4","same file name exists at: news-silion.png"
"MISSING","nemxnovels_link_problems.txt","24085","book-list-backup-20261002-122623/cemetery.jpg","4","same file name exists at: cemetery.jpg"
"MISSING","nemxnovels_link_problems.txt","24511","book-list-backup-20261002-122623/marriage.jpg","4","same file name exists at: marriage.jpg"
"MISSING","nemxnovels_link_problems.txt","24937","book-list-backup-20261002-122623/phoneban.jpg","4","same file name exists at: phoneban.jpg"
"MISSING","nemxnovels_link_problems.txt","25363","book-list-backup-20261002-122623/cannon.jpg","4","same file name exists at: cannon.jpg"
"MISSING","nemxnovels_link_problems.txt","25789","book-list-backup-20261002-122623/old.jpeg","4","same file name exists at: old.jpeg"
"MISSING","nemxnovels_link_problems.txt","26215","book-list-backup-20261002-122623/love.jpeg","4","same file name exists at: love.jpeg"
"MISSING","nemxnovels_link_problems.txt","26641","book-list-backup-20261002-122623/military-closure.webp","4","same file name exists at: military-closure.webp"
"MISSING","nemxnovels_link_problems.txt","27067","book-list-backup-20261002-122623/patrollers.webp","4","same file name exists at: patrollers.webp"
"MISSING","nemxnovels_link_problems.txt","27493","book-list-backup-20261002-122623/mps.webp","4","same file name exists at: mps.webp"
"MISSING","nemxnovels_link_problems.txt","27919","book-list-backup-20261002-122623/carg.webp","4","same file name exists at: carg.webp"
"MISSING","nemxnovels_link_problems.txt","28345","book-list-backup-20261002-122623/srcity.webp","4","same file name exists at: srcity.webp"
"MISSING","nemxnovels_link_problems.txt","28771","book-list-backup-20261002-122623/stalker.webp","4","same file name exists at: stalker.webp"
"MISSING","nemxnovels_link_problems.txt","29197","book-list-backup-20261002-122623/traingirl.jpg","4","same file name exists at: traingirl.jpg"
"MISSING","nemxnovels_link_problems.txt","29623","book-list-backup-20261002-122623/drugl.webp","4","same file name exists at: drugl.webp"
"MISSING","nemxnovels_link_problems.txt","30187","book-list-backup-20261002-122623/ravenport-news.webp","30","same file name exists at: ravenport-news.webp, news/ravenport-news.webp"
"MISSING","nemxnovels_link_problems.txt","30931","book-list-backup-20261002-122623/news/favicon.png","2","same file name exists at: favicon.png, havenfall/blueroom/favicon.png, havenfall-blogs/page-2/favicon.png"
"MISSING","nemxnovels_link_problems.txt","30937","book-list-backup-20261002-122623/news/bluelogo.png","32","same file name exists at: bluelogo.png, havenfall-blogs/page-2/bluelogo.png, havenfall-blogs/page-3/bluelogo.png"
"MISSING","nemxnovels_link_problems.txt","30943","book-list-backup-20261002-122623/news/blogwhite7.png","3","same file name exists at: blogwhite7.png, news/blogwhite7.png"
"MISSING","nemxnovels_link_problems.txt","30949","book-list-backup-20261002-122623/news/newspaper-folded.png","3","same file name exists at: newspaper-folded.png, news/newspaper-folded.png"
"MISSING","nemxnovels_link_problems.txt","30955","book-list-backup-20261002-122623/news/videosblak.png","68","same file name exists at: videosblak.png, havenfall-blogs/page-2/videosblak.png, havenfall-blogs/page-3/videosblak.png"
"MISSING","nemxnovels_link_problems.txt","30961","book-list-backup-20261002-122623/news/fairy-talewhite.png","68","same file name exists at: fairy-talewhite.png, havenfall-blogs/page-2/fairy-talewhite.png, havenfall-blogs/page-3/fairy-talewhite.png"
"MISSING","nemxnovels_link_problems.txt","30967","book-list-backup-20261002-122623/news/aboutwhite.png","68","same file name exists at: aboutwhite.png, havenfall-blogs/page-2/aboutwhite.png, havenfall-blogs/page-3/aboutwhite.png"
"MISSING","nemxnovels_link_problems.txt","30973","book-list-backup-20261002-122623/news/eye1.webp","160","same file name exists at: eye1.webp, havenfall-blogs/page-2/eye1.webp, havenfall-blogs/page-3/eye1.webp"
"MISSING","nemxnovels_link_problems.txt","30979","book-list-backup-20261002-122623/news/anonymous-white.png","66","same file name exists at: anonymous-white.png, havenfall-blogs/page-2/anonymous-white.png, havenfall-blogs/page-3/anonymous-white.png"
"MISSING","nemxnovels_link_problems.txt","30985","book-list-backup-20261002-122623/news/bluelogo2.png","34","same file name exists at: bluelogo2.png, havenfall-blogs/page-2/bluelogo2.png, havenfall-blogs/page-3/bluelogo2.png"
"MISSING","nemxnovels_link_problems.txt","30991","book-list-backup-20261002-122623/news/right-arrow-white.png","34","same file name exists at: right-arrow-white.png, havenfall-blogs/page-2/right-arrow-white.png, havenfall-blogs/page-3/right-arrow-white.png"
"MISSING","nemxnovels_link_problems.txt","30997","book-list-backup-20261002-122623/news/blog.png","65","same file name exists at: blog.png, havenfall-blogs/page-2/blog.png, havenfall-blogs/page-3/blog.png"
"MISSING","nemxnovels_link_problems.txt","31009","book-list-backup-20261002-122623/news/newspaper-folderwhite.png","65","same file name exists at: newspaper-folderwhite.png, havenfall-blogs/page-2/newspaper-folderwhite.png, havenfall-blogs/page-3/newspaper-folderwhite.png"
"MISSING","nemxnovels_link_problems.txt","31045","book-list-backup-20261002-122623/news/nn-logo.png","34","same file name exists at: nn-logo.png, havenfall-blogs/page-2/nn-logo.png, havenfall-blogs/page-3/nn-logo.png"
"MISSING","nemxnovels_link_problems.txt","31087","book-list-backup-20261002-122623/news/ravenport-icon.png","4","same file name exists at: ravenport-icon.png, news/ravenport-icon.png"
"MISSING","nemxnovels_link_problems.txt","31093","book-list-backup-20261002-122623/news/havenfall-icon.png","4","same file name exists at: havenfall-icon.png, news/havenfall-icon.png"
"MISSING","nemxnovels_link_problems.txt","31099","book-list-backup-20261002-122623/news/havenfall-news.webp","30","same file name exists at: havenfall-news.webp, news/havenfall-news.webp"
"MISSING","nemxnovels_link_problems.txt","31105","book-list-backup-20261002-122623/news/sleepy.webp","4","same file name exists at: news/sleepy.webp"
"MISSING","nemxnovels_link_problems.txt","31117","book-list-backup-20261002-122623/news/dental.webp","4","same file name exists at: news/dental.webp"
"MISSING","nemxnovels_link_problems.txt","31129","book-list-backup-20261002-122623/news/cuddling.webp","4","same file name exists at: news/cuddling.webp"
"MISSING","nemxnovels_link_problems.txt","31141","book-list-backup-20261002-122623/news/heartless.webp","4","same file name exists at: news/heartless.webp"
"MISSING","nemxnovels_link_problems.txt","31153","book-list-backup-20261002-122623/news/paradise.webp","4","same file name exists at: news/paradise.webp"
"MISSING","nemxnovels_link_problems.txt","31165","book-list-backup-20261002-122623/news/awaken.webp","4","same file name exists at: news/awaken.webp"
"MISSING","nemxnovels_link_problems.txt","31177","book-list-backup-20261002-122623/news/bear.webp","4","same file name exists at: news/bear.webp"
"MISSING","nemxnovels_link_problems.txt","31189","book-list-backup-20261002-122623/news/streets.webp","4","same file name exists at: news/streets.webp"
"MISSING","nemxnovels_link_problems.txt","31201","book-list-backup-20261002-122623/news/freelife.webp","4","same file name exists at: news/freelife.webp"
"MISSING","nemxnovels_link_problems.txt","31213","book-list-backup-20261002-122623/news/agents.webp","4","same file name exists at: news/agents.webp"
"MISSING","nemxnovels_link_problems.txt","31225","book-list-backup-20261002-122623/news/syndicate.webp","4","same file name exists at: news/syndicate.webp"
"MISSING","nemxnovels_link_problems.txt","31237","book-list-backup-20261002-122623/news/weedfarm.webp","4","same file name exists at: news/weedfarm.webp"
"MISSING","nemxnovels_link_problems.txt","31249","book-list-backup-20261002-122623/news/company.webp","4","same file name exists at: news/company.webp"
"MISSING","nemxnovels_link_problems.txt","31261","book-list-backup-20261002-122623/news/bikers.webp","4","same file name exists at: news/bikers.webp"
"MISSING","nemxnovels_link_problems.txt","31273","book-list-backup-20261002-122623/news/guns.webp","4","same file name exists at: news/guns.webp"
"MISSING","nemxnovels_link_problems.txt","31285","book-list-backup-20261002-122623/news/ravenport-cover.webp","64","same file name exists at: ravenport-cover.webp, havenfall-blogs/page-2/ravenport-cover.webp, havenfall-blogs/page-3/ravenport-cover.webp"
"MISSING","nemxnovels_link_problems.txt","31297","book-list-backup-20261002-122623/news/havenfall-cover.webp","64","same file name exists at: havenfall-cover.webp, havenfall/original-story/havenfall-cover.webp, havenfall-blogs/page-2/havenfall-cover.webp"
"MISSING","nemxnovels_link_problems.txt","31309","book-list-backup-20261002-122623/news/angelsnotes-cover.webp","32","same file name exists at: angelsnotes-cover.webp, havenfall/AngelsNotes/angelsnotes-cover.webp, havenfall-blogs/page-2/angelsnotes-cover.webp"
"MISSING","nemxnovels_link_problems.txt","31321","book-list-backup-20261002-122623/news/bewitchinggirl.webp","32","same file name exists at: bewitchinggirl.webp, havenfall-blogs/page-2/bewitchinggirl.webp, havenfall-blogs/page-3/bewitchinggirl.webp"
"MISSING","nemxnovels_link_problems.txt","31333","book-list-backup-20261002-122623/news/raphaasylum-cover.webp","32","same file name exists at: raphaasylum-cover.webp, havenfall-blogs/page-2/raphaasylum-cover.webp, havenfall-blogs/page-3/raphaasylum-cover.webp"
"MISSING","nemxnovels_link_problems.txt","31345","book-list-backup-20261002-122623/news/behindthecurse-cover.webp","64","same file name exists at: behindthecurse-cover.webp, havenfall-blogs/page-2/behindthecurse-cover.webp, havenfall-blogs/page-3/behindthecurse-cover.webp"
"MISSING","nemxnovels_link_problems.txt","31351","book-list-backup-20261002-122623/news/up.png","32","same file name exists at: up.png, havenfall-blogs/page-2/up.png, havenfall-blogs/page-3/up.png"
"MISSING","nemxnovels_link_problems.txt","31357","book-list-backup-20261002-122623/news/down.png","32","same file name exists at: down.png, havenfall-blogs/page-2/down.png, havenfall-blogs/page-3/down.png"
"MISSING","nemxnovels_link_problems.txt","31423","book-list-backup-20261002-122623/news/wall3.webp","32","same file name exists at: wall3.webp, havenfall-blogs/page-2/wall3.webp, havenfall-blogs/page-3/wall3.webp"
"MISSING","nemxnovels_link_problems.txt","31429","book-list-backup-20261002-122623/news/hamburger.png","64","same file name exists at: hamburger.png, havenfall-blogs/page-2/hamburger.png, havenfall-blogs/page-3/hamburger.png"
"MISSING","nemxnovels_link_problems.txt","31441","book-list-backup-20261002-122623/news/sevensteps-cover.webp","32","same file name exists at: sevensteps-cover.webp, havenfall/sevensteps/sevensteps-cover.webp, havenfall-blogs/page-2/sevensteps-cover.webp"
"MISSING","nemxnovels_link_problems.txt","31447","book-list-backup-20261002-122623/news/birdshugs-cover.webp","32","same file name exists at: birdshugs-cover.webp, havenfall-blogs/page-2/birdshugs-cover.webp, havenfall-blogs/page-3/birdshugs-cover.webp"
"MISSING","nemxnovels_link_problems.txt","31453","book-list-backup-20261002-122623/news/occultarcana-cover.webp","32","same file name exists at: occultarcana-cover.webp, havenfall-blogs/page-2/occultarcana-cover.webp, havenfall-blogs/page-3/occultarcana-cover.webp"
"MISSING","nemxnovels_link_problems.txt","31471","book-list-backup-20261002-122623/news/someonewhostays-cover.webp","32","same file name exists at: someonewhostays-cover.webp, havenfall-blogs/page-2/someonewhostays-cover.webp, havenfall-blogs/page-3/someonewhostays-cover.webp"
"MISSING","nemxnovels_link_problems.txt","31477","book-list-backup-20261002-122623/news/daggeroflight-cover.webp","32","same file name exists at: daggeroflight-cover.webp, havenfall/daggeroflight/daggeroflight-cover.webp"
"MISSING","nemxnovels_link_problems.txt","31489","book-list-backup-20261002-122623/news/backnforth-cover.webp","32","same file name exists at: backnforth-cover.webp, news/backnforth-cover.webp, ravenport/back&forth/backnforth-cover.webp"
"MISSING","nemxnovels_link_problems.txt","31495","book-list-backup-20261002-122623/news/motelbloodbath-cover.webp","32","same file name exists at: motelbloodbath-cover.webp, news/motelbloodbath-cover.webp, ravenport/motelbloodbath/motelbloodbath-cover.webp"
"MISSING","nemxnovels_link_problems.txt","31873","book-list-backup-20261002-122623/news/left-arrow.png","60","same file name exists at: left-arrow.png, havenfall-blogs/page-2/left-arrow.png, havenfall-blogs/page-3/left-arrow.png"
"MISSING","nemxnovels_link_problems.txt","39181","book-list-backup-20261002-122623/news/heavystorm.jpg","4","same file name exists at: news/heavystorm.jpg"
"MISSING","nemxnovels_link_problems.txt","39667","book-list-backup-20261002-122623/news/evidence.webp","4","same file name exists at: news/evidence.webp"
"MISSING","nemxnovels_link_problems.txt","40153","book-list-backup-20261002-122623/news/death.webp","4","same file name exists at: news/death.webp"
"MISSING","nemxnovels_link_problems.txt","40639","book-list-backup-20261002-122623/news/0.1love.webp","4","same file name exists at: news/0.1love.webp"
"MISSING","nemxnovels_link_problems.txt","41125","book-list-backup-20261002-122623/news/fourthfloor.webp","4","same file name exists at: news/fourthfloor.webp"
"MISSING","nemxnovels_link_problems.txt","41611","book-list-backup-20261002-122623/news/haunt.webp","4","same file name exists at: news/haunt.webp"
"MISSING","nemxnovels_link_problems.txt","42097","book-list-backup-20261002-122623/news/robot.webp","4","same file name exists at: news/robot.webp"
"MISSING","nemxnovels_link_problems.txt","42583","book-list-backup-20261002-122623/news/lack.webp","4","same file name exists at: news/lack.webp"
"MISSING","nemxnovels_link_problems.txt","43069","book-list-backup-20261002-122623/news/lawn.webp","4","same file name exists at: news/lawn.webp"
"MISSING","nemxnovels_link_problems.txt","43555","book-list-backup-20261002-122623/news/bdsm.webp","4","same file name exists at: news/bdsm.webp"
"MISSING","nemxnovels_link_problems.txt","44047","book-list-backup-20261002-122623/news/lanaho.webp","4","same file name exists at: news/lanaho.webp"
"MISSING","nemxnovels_link_problems.txt","44545","book-list-backup-20261002-122623/news/aliens.webp","4","same file name exists at: news/aliens.webp"
"MISSING","nemxnovels_link_problems.txt","45043","book-list-backup-20261002-122623/news/sellinghuman.webp","4","same file name exists at: news/sellinghuman.webp"
"MISSING","nemxnovels_link_problems.txt","45541","book-list-backup-20261002-122623/news/singer.webp","4","same file name exists at: news/singer.webp"
"MISSING","nemxnovels_link_problems.txt","46039","book-list-backup-20261002-122623/news/underground.webp","4","same file name exists at: news/underground.webp"
"MISSING","nemxnovels_link_problems.txt","46645","book-list-backup-20261002-122623/news/ravenport-news.webp","30","same file name exists at: ravenport-news.webp, news/ravenport-news.webp"
"MISSING","nemxnovels_link_problems.txt","47347","book-list-backup-20261002-122623/ravenport-blogs/page-2/bluelogo.png","8","same file name exists at: bluelogo.png, havenfall-blogs/page-2/bluelogo.png, havenfall-blogs/page-3/bluelogo.png"
"MISSING","nemxnovels_link_problems.txt","47353","book-list-backup-20261002-122623/ravenport-blogs/page-2/blog.png","18","same file name exists at: blog.png, havenfall-blogs/page-2/blog.png, havenfall-blogs/page-3/blog.png"
"MISSING","nemxnovels_link_problems.txt","47359","book-list-backup-20261002-122623/ravenport-blogs/page-2/newspaper-folderwhite.png","18","same file name exists at: newspaper-folderwhite.png, havenfall-blogs/page-2/newspaper-folderwhite.png, havenfall-blogs/page-3/newspaper-folderwhite.png"
"MISSING","nemxnovels_link_problems.txt","47371","book-list-backup-20261002-122623/ravenport-blogs/page-2/videosblak.png","18","same file name exists at: videosblak.png, havenfall-blogs/page-2/videosblak.png, havenfall-blogs/page-3/videosblak.png"
"MISSING","nemxnovels_link_problems.txt","47377","book-list-backup-20261002-122623/ravenport-blogs/page-2/fairy-talewhite.png","18","same file name exists at: fairy-talewhite.png, havenfall-blogs/page-2/fairy-talewhite.png, havenfall-blogs/page-3/fairy-talewhite.png"
"MISSING","nemxnovels_link_problems.txt","47389","book-list-backup-20261002-122623/ravenport-blogs/page-2/aboutwhite.png","18","same file name exists at: aboutwhite.png, havenfall-blogs/page-2/aboutwhite.png, havenfall-blogs/page-3/aboutwhite.png"
"MISSING","nemxnovels_link_problems.txt","47407","book-list-backup-20261002-122623/ravenport-blogs/page-2/eye1.webp","40","same file name exists at: eye1.webp, havenfall-blogs/page-2/eye1.webp, havenfall-blogs/page-3/eye1.webp"
"MISSING","nemxnovels_link_problems.txt","47413","book-list-backup-20261002-122623/ravenport-blogs/page-2/anonymous-white.png","17","same file name exists at: anonymous-white.png, havenfall-blogs/page-2/anonymous-white.png, havenfall-blogs/page-3/anonymous-white.png"
"MISSING","nemxnovels_link_problems.txt","47419","book-list-backup-20261002-122623/ravenport-blogs/page-2/left-arrow.png","14","same file name exists at: left-arrow.png, havenfall-blogs/page-2/left-arrow.png, havenfall-blogs/page-3/left-arrow.png"
"MISSING","nemxnovels_link_problems.txt","47437","book-list-backup-20261002-122623/ravenport-blogs/page-2/date.webp","4","same file name exists at: ravenport-blogs/page-2/date.webp"
"MISSING","nemxnovels_link_problems.txt","47455","book-list-backup-20261002-122623/ravenport-blogs/page-2/ravenport-cover.webp","56","same file name exists at: ravenport-cover.webp, havenfall-blogs/page-2/ravenport-cover.webp, havenfall-blogs/page-3/ravenport-cover.webp"
"MISSING","nemxnovels_link_problems.txt","47467","book-list-backup-20261002-122623/ravenport-blogs/page-2/havenfall-cover.webp","15","same file name exists at: havenfall-cover.webp, havenfall/original-story/havenfall-cover.webp, havenfall-blogs/page-2/havenfall-cover.webp"
"MISSING","nemxnovels_link_problems.txt","47479","book-list-backup-20261002-122623/ravenport-blogs/page-2/angelsnotes-cover.webp","7","same file name exists at: angelsnotes-cover.webp, havenfall/AngelsNotes/angelsnotes-cover.webp, havenfall-blogs/page-2/angelsnotes-cover.webp"
"MISSING","nemxnovels_link_problems.txt","47491","book-list-backup-20261002-122623/ravenport-blogs/page-2/bewitchinggirl.webp","7","same file name exists at: bewitchinggirl.webp, havenfall-blogs/page-2/bewitchinggirl.webp, havenfall-blogs/page-3/bewitchinggirl.webp"
"MISSING","nemxnovels_link_problems.txt","47503","book-list-backup-20261002-122623/ravenport-blogs/page-2/raphaasylum-cover.webp","7","same file name exists at: raphaasylum-cover.webp, havenfall-blogs/page-2/raphaasylum-cover.webp, havenfall-blogs/page-3/raphaasylum-cover.webp"
"MISSING","nemxnovels_link_problems.txt","47515","book-list-backup-20261002-122623/ravenport-blogs/page-2/behindthecurse-cover.webp","15","same file name exists at: behindthecurse-cover.webp, havenfall-blogs/page-2/behindthecurse-cover.webp, havenfall-blogs/page-3/behindthecurse-cover.webp"
"MISSING","nemxnovels_link_problems.txt","47521","book-list-backup-20261002-122623/ravenport-blogs/page-2/up.png","7","same file name exists at: up.png, havenfall-blogs/page-2/up.png, havenfall-blogs/page-3/up.png"
"MISSING","nemxnovels_link_problems.txt","47527","book-list-backup-20261002-122623/ravenport-blogs/page-2/down.png","7","same file name exists at: down.png, havenfall-blogs/page-2/down.png, havenfall-blogs/page-3/down.png"
"MISSING","nemxnovels_link_problems.txt","47533","book-list-backup-20261002-122623/ravenport-blogs/page-2/bluelogo2.png","9","same file name exists at: bluelogo2.png, havenfall-blogs/page-2/bluelogo2.png, havenfall-blogs/page-3/bluelogo2.png"
"MISSING","nemxnovels_link_problems.txt","47539","book-list-backup-20261002-122623/ravenport-blogs/page-2/right-arrow-white.png","9","same file name exists at: right-arrow-white.png, havenfall-blogs/page-2/right-arrow-white.png, havenfall-blogs/page-3/right-arrow-white.png"
"MISSING","nemxnovels_link_problems.txt","47635","book-list-backup-20261002-122623/ravenport-blogs/page-2/nn-logo.png","9","same file name exists at: nn-logo.png, havenfall-blogs/page-2/nn-logo.png, havenfall-blogs/page-3/nn-logo.png"
"MISSING","nemxnovels_link_problems.txt","47641","book-list-backup-20261002-122623/ravenport-blogs/page-2/wall3.webp","8","same file name exists at: wall3.webp, havenfall-blogs/page-2/wall3.webp, havenfall-blogs/page-3/wall3.webp"
"MISSING","nemxnovels_link_problems.txt","47647","book-list-backup-20261002-122623/ravenport-blogs/page-2/hamburger.png","16","same file name exists at: hamburger.png, havenfall-blogs/page-2/hamburger.png, havenfall-blogs/page-3/hamburger.png"
"MISSING","nemxnovels_link_problems.txt","47665","book-list-backup-20261002-122623/ravenport-blogs/page-2/sevensteps-cover.webp","8","same file name exists at: sevensteps-cover.webp, havenfall/sevensteps/sevensteps-cover.webp, havenfall-blogs/page-2/sevensteps-cover.webp"
"MISSING","nemxnovels_link_problems.txt","47671","book-list-backup-20261002-122623/ravenport-blogs/page-2/birdshugs-cover.webp","8","same file name exists at: birdshugs-cover.webp, havenfall-blogs/page-2/birdshugs-cover.webp, havenfall-blogs/page-3/birdshugs-cover.webp"
"MISSING","nemxnovels_link_problems.txt","47677","book-list-backup-20261002-122623/ravenport-blogs/page-2/occultarcana-cover.webp","8","same file name exists at: occultarcana-cover.webp, havenfall-blogs/page-2/occultarcana-cover.webp, havenfall-blogs/page-3/occultarcana-cover.webp"
"MISSING","nemxnovels_link_problems.txt","47695","book-list-backup-20261002-122623/ravenport-blogs/page-2/someonewhostays-cover.webp","8","same file name exists at: someonewhostays-cover.webp, havenfall-blogs/page-2/someonewhostays-cover.webp, havenfall-blogs/page-3/someonewhostays-cover.webp"
"MISSING","nemxnovels_link_problems.txt","47701","book-list-backup-20261002-122623/ravenport-blogs/page-2/daggeroflight-cover.webp","8","same file name exists at: daggeroflight-cover.webp, havenfall/daggeroflight/daggeroflight-cover.webp"
"MISSING","nemxnovels_link_problems.txt","47713","book-list-backup-20261002-122623/ravenport-blogs/page-2/backnforth-cover.webp","8","same file name exists at: backnforth-cover.webp, news/backnforth-cover.webp, ravenport/back&forth/backnforth-cover.webp"
"MISSING","nemxnovels_link_problems.txt","47719","book-list-backup-20261002-122623/ravenport-blogs/page-2/motelbloodbath-cover.webp","8","same file name exists at: motelbloodbath-cover.webp, news/motelbloodbath-cover.webp, ravenport/motelbloodbath/motelbloodbath-cover.webp"
"MISSING","nemxnovels_link_problems.txt","47923","book-list-backup-20261002-122623/ravenport-blogs/page-2/gang.webp","4","same file name exists at: ravenport-blogs/page-2/gang.webp"
"MISSING","nemxnovels_link_problems.txt","48409","book-list-backup-20261002-122623/ravenport-blogs/page-2/condoms.webp","4","same file name exists at: ravenport-blogs/page-2/condoms.webp"
"MISSING","nemxnovels_link_problems.txt","48895","book-list-backup-20261002-122623/ravenport-blogs/page-2/blacktemp.webp","4","same file name exists at: ravenport-blogs/page-2/blacktemp.webp"
"MISSING","nemxnovels_link_problems.txt","49381","book-list-backup-20261002-122623/ravenport-blogs/page-2/jobs.webp","4","same file name exists at: ravenport-blogs/page-2/jobs.webp"
"MISSING","nemxnovels_link_problems.txt","49867","book-list-backup-20261002-122623/ravenport-blogs/page-2/rules.jpg","4","same file name exists at: ravenport-blogs/page-2/rules.jpg"
"MISSING","nemxnovels_link_problems.txt","50353","book-list-backup-20261002-122623/ravenport-blogs/page-2/boss.webp","4","same file name exists at: ravenport-blogs/page-2/boss.webp"
"MISSING","nemxnovels_link_problems.txt","50797","book-list-backup-20261002-122623/ravenport-blogs/page-2/favicon.png","1","same file name exists at: favicon.png, havenfall/blueroom/favicon.png, havenfall-blogs/page-2/favicon.png"
"MISSING","nemxnovels_link_problems.txt","50953","book-list-backup-20261002-122623/ravenport-blogs/page-2/magazine.webp","2","same file name exists at: magazine.webp, ravenport-blogs/page-2/magazine.webp"
"MISSING","nemxnovels_link_problems.txt","50965","book-list-backup-20261002-122623/ravenport-blogs/page-2/electrician.webp","2","same file name exists at: ravenport-blogs/page-2/electrician.webp"
"MISSING","nemxnovels_link_problems.txt","50977","book-list-backup-20261002-122623/ravenport-blogs/page-2/rapper.webp","2","same file name exists at: ravenport-blogs/page-2/rapper.webp"
"MISSING","nemxnovels_link_problems.txt","50989","book-list-backup-20261002-122623/ravenport-blogs/page-2/spy.webp","2","same file name exists at: ravenport-blogs/page-2/spy.webp"
"MISSING","nemxnovels_link_problems.txt","51001","book-list-backup-20261002-122623/ravenport-blogs/page-2/eve.webp","2","same file name exists at: ravenport-blogs/page-2/eve.webp"
"MISSING","nemxnovels_link_problems.txt","51037","book-list-backup-20261002-122623/ravenport-blogs/page-2/btccircle.webp","2","same file name exists at: ravenport-blogs/page-2/btccircle.webp"
"MISSING","nemxnovels_link_problems.txt","51061","book-list-backup-20261002-122623/ravenport-blogs/page-2/learners.webp","2","same file name exists at: ravenport-blogs/page-2/learners.webp"
"MISSING","nemxnovels_link_problems.txt","51073","book-list-backup-20261002-122623/ravenport-blogs/page-2/actor.webp","2","same file name exists at: ravenport-blogs/page-2/actor.webp"
"MISSING","nemxnovels_link_problems.txt","51085","book-list-backup-20261002-122623/ravenport-blogs/page-2/halloween1.webp","2","same file name exists at: ravenport-blogs/page-2/halloween1.webp"
"MISSING","nemxnovels_link_problems.txt","51109","book-list-backup-20261002-122623/ravenport-blogs/page-2/wives.webp","2","same file name exists at: ravenport-blogs/page-2/wives.webp"
"MISSING","nemxnovels_link_problems.txt","51121","book-list-backup-20261002-122623/ravenport-blogs/page-2/ravenportog.webp","2","same file name exists at: ravenport-blogs/page-2/ravenportog.webp"
"MISSING","nemxnovels_link_problems.txt","51145","book-list-backup-20261002-122623/ravenport-blogs/page-2/randell.webp","2","same file name exists at: ravenport-blogs/page-2/randell.webp"
"MISSING","nemxnovels_link_problems.txt","51157","book-list-backup-20261002-122623/ravenport-blogs/page-2/invites.webp","2","same file name exists at: ravenport-blogs/page-2/invites.webp"
"MISSING","nemxnovels_link_problems.txt","51187","book-list-backup-20261002-122623/ravenport-blogs/page-2/amanda.webp","1","same file name exists at: amanda.webp, havenfall-blogs/page-2/amanda.webp, havenfall-blogs/page-3/amanda.webp"
"MISSING","nemxnovels_link_problems.txt","51193","book-list-backup-20261002-122623/ravenport-blogs/page-2/zeke.webp","1","same file name exists at: zeke.webp, havenfall-blogs/page-2/zeke.webp, havenfall-blogs/page-3/zeke.webp"
"MISSING","nemxnovels_link_problems.txt","51199","book-list-backup-20261002-122623/ravenport-blogs/page-2/letheprofile.png","1","same file name exists at: letheprofile.png, havenfall-blogs/page-2/letheprofile.png, havenfall-blogs/page-3/letheprofile.png"
"MISSING","nemxnovels_link_problems.txt","51697","book-list-backup-20261002-122623/ravenport-blogs/page-3/bluelogo.png","6","same file name exists at: bluelogo.png, havenfall-blogs/page-2/bluelogo.png, havenfall-blogs/page-3/bluelogo.png"
"MISSING","nemxnovels_link_problems.txt","51703","book-list-backup-20261002-122623/ravenport-blogs/page-3/blog.png","14","same file name exists at: blog.png, havenfall-blogs/page-2/blog.png, havenfall-blogs/page-3/blog.png"
"MISSING","nemxnovels_link_problems.txt","51709","book-list-backup-20261002-122623/ravenport-blogs/page-3/newspaper-folderwhite.png","14","same file name exists at: newspaper-folderwhite.png, havenfall-blogs/page-2/newspaper-folderwhite.png, havenfall-blogs/page-3/newspaper-folderwhite.png"
"MISSING","nemxnovels_link_problems.txt","51721","book-list-backup-20261002-122623/ravenport-blogs/page-3/videosblak.png","14","same file name exists at: videosblak.png, havenfall-blogs/page-2/videosblak.png, havenfall-blogs/page-3/videosblak.png"
"MISSING","nemxnovels_link_problems.txt","51727","book-list-backup-20261002-122623/ravenport-blogs/page-3/fairy-talewhite.png","14","same file name exists at: fairy-talewhite.png, havenfall-blogs/page-2/fairy-talewhite.png, havenfall-blogs/page-3/fairy-talewhite.png"
"MISSING","nemxnovels_link_problems.txt","51739","book-list-backup-20261002-122623/ravenport-blogs/page-3/aboutwhite.png","14","same file name exists at: aboutwhite.png, havenfall-blogs/page-2/aboutwhite.png, havenfall-blogs/page-3/aboutwhite.png"
"MISSING","nemxnovels_link_problems.txt","51757","book-list-backup-20261002-122623/ravenport-blogs/page-3/eye1.webp","30","same file name exists at: eye1.webp, havenfall-blogs/page-2/eye1.webp, havenfall-blogs/page-3/eye1.webp"
"MISSING","nemxnovels_link_problems.txt","51763","book-list-backup-20261002-122623/ravenport-blogs/page-3/anonymous-white.png","13","same file name exists at: anonymous-white.png, havenfall-blogs/page-2/anonymous-white.png, havenfall-blogs/page-3/anonymous-white.png"
"MISSING","nemxnovels_link_problems.txt","51769","book-list-backup-20261002-122623/ravenport-blogs/page-3/left-arrow.png","10","same file name exists at: left-arrow.png, havenfall-blogs/page-2/left-arrow.png, havenfall-blogs/page-3/left-arrow.png"
"MISSING","nemxnovels_link_problems.txt","51787","book-list-backup-20261002-122623/ravenport-blogs/page-3/kidnap.webp","4","same file name exists at: ravenport-blogs/page-3/kidnap.webp"
"MISSING","nemxnovels_link_problems.txt","51805","book-list-backup-20261002-122623/ravenport-blogs/page-3/ravenport-cover.webp","60","same file name exists at: ravenport-cover.webp, havenfall-blogs/page-2/ravenport-cover.webp, havenfall-blogs/page-3/ravenport-cover.webp"
"MISSING","nemxnovels_link_problems.txt","51817","book-list-backup-20261002-122623/ravenport-blogs/page-3/havenfall-cover.webp","11","same file name exists at: havenfall-cover.webp, havenfall/original-story/havenfall-cover.webp, havenfall-blogs/page-2/havenfall-cover.webp"
"MISSING","nemxnovels_link_problems.txt","51829","book-list-backup-20261002-122623/ravenport-blogs/page-3/angelsnotes-cover.webp","5","same file name exists at: angelsnotes-cover.webp, havenfall/AngelsNotes/angelsnotes-cover.webp, havenfall-blogs/page-2/angelsnotes-cover.webp"
"MISSING","nemxnovels_link_problems.txt","51841","book-list-backup-20261002-122623/ravenport-blogs/page-3/bewitchinggirl.webp","5","same file name exists at: bewitchinggirl.webp, havenfall-blogs/page-2/bewitchinggirl.webp, havenfall-blogs/page-3/bewitchinggirl.webp"
"MISSING","nemxnovels_link_problems.txt","51853","book-list-backup-20261002-122623/ravenport-blogs/page-3/raphaasylum-cover.webp","5","same file name exists at: raphaasylum-cover.webp, havenfall-blogs/page-2/raphaasylum-cover.webp, havenfall-blogs/page-3/raphaasylum-cover.webp"
"MISSING","nemxnovels_link_problems.txt","51865","book-list-backup-20261002-122623/ravenport-blogs/page-3/behindthecurse-cover.webp","11","same file name exists at: behindthecurse-cover.webp, havenfall-blogs/page-2/behindthecurse-cover.webp, havenfall-blogs/page-3/behindthecurse-cover.webp"
"MISSING","nemxnovels_link_problems.txt","51871","book-list-backup-20261002-122623/ravenport-blogs/page-3/up.png","5","same file name exists at: up.png, havenfall-blogs/page-2/up.png, havenfall-blogs/page-3/up.png"
"MISSING","nemxnovels_link_problems.txt","51877","book-list-backup-20261002-122623/ravenport-blogs/page-3/down.png","5","same file name exists at: down.png, havenfall-blogs/page-2/down.png, havenfall-blogs/page-3/down.png"
"MISSING","nemxnovels_link_problems.txt","51883","book-list-backup-20261002-122623/ravenport-blogs/page-3/bluelogo2.png","7","same file name exists at: bluelogo2.png, havenfall-blogs/page-2/bluelogo2.png, havenfall-blogs/page-3/bluelogo2.png"
"MISSING","nemxnovels_link_problems.txt","51889","book-list-backup-20261002-122623/ravenport-blogs/page-3/right-arrow-white.png","7","same file name exists at: right-arrow-white.png, havenfall-blogs/page-2/right-arrow-white.png, havenfall-blogs/page-3/right-arrow-white.png"
"MISSING","nemxnovels_link_problems.txt","51985","book-list-backup-20261002-122623/ravenport-blogs/page-3/nn-logo.png","7","same file name exists at: nn-logo.png, havenfall-blogs/page-2/nn-logo.png, havenfall-blogs/page-3/nn-logo.png"
"MISSING","nemxnovels_link_problems.txt","51991","book-list-backup-20261002-122623/ravenport-blogs/page-3/wall3.webp","6","same file name exists at: wall3.webp, havenfall-blogs/page-2/wall3.webp, havenfall-blogs/page-3/wall3.webp"
"MISSING","nemxnovels_link_problems.txt","51997","book-list-backup-20261002-122623/ravenport-blogs/page-3/hamburger.png","12","same file name exists at: hamburger.png, havenfall-blogs/page-2/hamburger.png, havenfall-blogs/page-3/hamburger.png"
"MISSING","nemxnovels_link_problems.txt","52015","book-list-backup-20261002-122623/ravenport-blogs/page-3/sevensteps-cover.webp","6","same file name exists at: sevensteps-cover.webp, havenfall/sevensteps/sevensteps-cover.webp, havenfall-blogs/page-2/sevensteps-cover.webp"
"MISSING","nemxnovels_link_problems.txt","52021","book-list-backup-20261002-122623/ravenport-blogs/page-3/birdshugs-cover.webp","6","same file name exists at: birdshugs-cover.webp, havenfall-blogs/page-2/birdshugs-cover.webp, havenfall-blogs/page-3/birdshugs-cover.webp"
"MISSING","nemxnovels_link_problems.txt","52027","book-list-backup-20261002-122623/ravenport-blogs/page-3/occultarcana-cover.webp","6","same file name exists at: occultarcana-cover.webp, havenfall-blogs/page-2/occultarcana-cover.webp, havenfall-blogs/page-3/occultarcana-cover.webp"
"MISSING","nemxnovels_link_problems.txt","52045","book-list-backup-20261002-122623/ravenport-blogs/page-3/someonewhostays-cover.webp","6","same file name exists at: someonewhostays-cover.webp, havenfall-blogs/page-2/someonewhostays-cover.webp, havenfall-blogs/page-3/someonewhostays-cover.webp"
"MISSING","nemxnovels_link_problems.txt","52051","book-list-backup-20261002-122623/ravenport-blogs/page-3/daggeroflight-cover.webp","6","same file name exists at: daggeroflight-cover.webp, havenfall/daggeroflight/daggeroflight-cover.webp"
"MISSING","nemxnovels_link_problems.txt","52063","book-list-backup-20261002-122623/ravenport-blogs/page-3/backnforth-cover.webp","6","same file name exists at: backnforth-cover.webp, news/backnforth-cover.webp, ravenport/back&forth/backnforth-cover.webp"
"MISSING","nemxnovels_link_problems.txt","52069","book-list-backup-20261002-122623/ravenport-blogs/page-3/motelbloodbath-cover.webp","6","same file name exists at: motelbloodbath-cover.webp, news/motelbloodbath-cover.webp, ravenport/motelbloodbath/motelbloodbath-cover.webp"
"MISSING","nemxnovels_link_problems.txt","52273","book-list-backup-20261002-122623/ravenport-blogs/page-3/devillove.webp","4","same file name exists at: ravenport-blogs/page-3/devillove.webp"
"MISSING","nemxnovels_link_problems.txt","52759","book-list-backup-20261002-122623/ravenport-blogs/page-3/stoic.webp","4","same file name exists at: ravenport-blogs/page-3/stoic.webp"
"MISSING","nemxnovels_link_problems.txt","53245","book-list-backup-20261002-122623/ravenport-blogs/page-3/greatdepression.jpg","4","same file name exists at: ravenport-blogs/page-3/greatdepression.jpg"
"MISSING","nemxnovels_link_problems.txt","53731","book-list-backup-20261002-122623/ravenport-blogs/page-3/thehelper.webp","4","same file name exists at: ravenport-blogs/page-3/thehelper.webp"
"MISSING","nemxnovels_link_problems.txt","54175","book-list-backup-20261002-122623/ravenport-blogs/page-3/favicon.png","1","same file name exists at: favicon.png, havenfall/blueroom/favicon.png, havenfall-blogs/page-2/favicon.png"
"MISSING","nemxnovels_link_problems.txt","54331","book-list-backup-20261002-122623/ravenport-blogs/page-3/image-16.webp","2","same file name exists at: ravenport-blogs/page-3/image-16.webp"
"MISSING","nemxnovels_link_problems.txt","54343","book-list-backup-20261002-122623/ravenport-blogs/page-3/image-6.webp","2","same file name exists at: ravenport-blogs/page-3/image-6.webp"
"MISSING","nemxnovels_link_problems.txt","54355","book-list-backup-20261002-122623/ravenport-blogs/page-3/image-7.webp","2","same file name exists at: ravenport-blogs/page-3/image-7.webp"
"MISSING","nemxnovels_link_problems.txt","54367","book-list-backup-20261002-122623/ravenport-blogs/page-3/image-5.webp","2","same file name exists at: ravenport-blogs/page-3/image-5.webp"
"MISSING","nemxnovels_link_problems.txt","54379","book-list-backup-20261002-122623/ravenport-blogs/page-3/image-17.webp","2","same file name exists at: ravenport-blogs/page-3/image-17.webp"
"MISSING","nemxnovels_link_problems.txt","54391","book-list-backup-20261002-122623/ravenport-blogs/page-3/image-14.webp","2","same file name exists at: ravenport-blogs/page-3/image-14.webp"
"MISSING","nemxnovels_link_problems.txt","54403","book-list-backup-20261002-122623/ravenport-blogs/page-3/clone.webp","2","same file name exists at: ravenport-blogs/page-3/clone.webp"
"MISSING","nemxnovels_link_problems.txt","54415","book-list-backup-20261002-122623/ravenport-blogs/page-3/hitman.webp","2","same file name exists at: ravenport-blogs/page-3/hitman.webp"
"MISSING","nemxnovels_link_problems.txt","54451","book-list-backup-20261002-122623/ravenport-blogs/page-3/lonelymen.webp","2","same file name exists at: ravenport-blogs/page-3/lonelymen.webp"
"MISSING","nemxnovels_link_problems.txt","54463","book-list-backup-20261002-122623/ravenport-blogs/page-3/powerlove.webp","2","same file name exists at: ravenport-blogs/page-3/powerlove.webp"
"MISSING","nemxnovels_link_problems.txt","54475","book-list-backup-20261002-122623/ravenport-blogs/page-3/templarson.webp","2","same file name exists at: ravenport-blogs/page-3/templarson.webp"
"MISSING","nemxnovels_link_problems.txt","54487","book-list-backup-20261002-122623/ravenport-blogs/page-3/thedead.webp","2","same file name exists at: ravenport-blogs/page-3/thedead.webp"
"MISSING","nemxnovels_link_problems.txt","54511","book-list-backup-20261002-122623/ravenport-blogs/page-3/betheljin.webp","2","same file name exists at: ravenport-blogs/page-3/betheljin.webp"
"MISSING","nemxnovels_link_problems.txt","54523","book-list-backup-20261002-122623/ravenport-blogs/page-3/graffiti.jpg","2","same file name exists at: ravenport-blogs/page-3/graffiti.jpg"
"MISSING","nemxnovels_link_problems.txt","54535","book-list-backup-20261002-122623/ravenport-blogs/page-3/hitwoman.webp","2","same file name exists at: ravenport-blogs/page-3/hitwoman.webp"
"MISSING","nemxnovels_link_problems.txt","54571","book-list-backup-20261002-122623/ravenport-blogs/page-3/image-12.webp","2","same file name exists at: ravenport-blogs/page-3/image-12.webp"
"MISSING","nemxnovels_link_problems.txt","54583","book-list-backup-20261002-122623/ravenport-blogs/page-3/image-11.webp","2","same file name exists at: ravenport-blogs/page-3/image-11.webp"
"MISSING","nemxnovels_link_problems.txt","54595","book-list-backup-20261002-122623/ravenport-blogs/page-3/image-10.webp","2","same file name exists at: ravenport-blogs/page-3/image-10.webp"
"MISSING","nemxnovels_link_problems.txt","54607","book-list-backup-20261002-122623/ravenport-blogs/page-3/image-4.jpg","2","same file name exists at: ravenport-blogs/page-3/image-4.jpg"
"MISSING","nemxnovels_link_problems.txt","54613","book-list-backup-20261002-122623/ravenport-blogs/page-3/amanda.webp","1","same file name exists at: amanda.webp, havenfall-blogs/page-2/amanda.webp, havenfall-blogs/page-3/amanda.webp"
"MISSING","nemxnovels_link_problems.txt","54619","book-list-backup-20261002-122623/ravenport-blogs/page-3/zeke.webp","1","same file name exists at: zeke.webp, havenfall-blogs/page-2/zeke.webp, havenfall-blogs/page-3/zeke.webp"
"MISSING","nemxnovels_link_problems.txt","54625","book-list-backup-20261002-122623/ravenport-blogs/page-3/letheprofile.png","1","same file name exists at: letheprofile.png, havenfall-blogs/page-2/letheprofile.png, havenfall-blogs/page-3/letheprofile.png"
"MISSING","nemxnovels_link_problems.txt","55345","book-list-backup-20261002-122623/chapter.png","26","same file name exists at: chapter.png"
"MISSING","nemxnovels_link_problems.txt","55519","book-list-backup-20261002-122623/blueroom-cover.webp","2","same file name exists at: blueroom-cover.webp"
"MISSING","nemxnovels_link_problems.txt","56089","book-list-backup-20261002-122623/videos.png","9","same file name exists at: videos.png"
"MISSING","nemxnovels_link_problems.txt","57751","havenfall-blogs/page-2/backnforth-cover.webp","8","same file name exists at: backnforth-cover.webp, news/backnforth-cover.webp, ravenport/back&forth/backnforth-cover.webp"
"MISSING","nemxnovels_link_problems.txt","57757","havenfall-blogs/page-2/motelbloodbath-cover.webp","8","same file name exists at: motelbloodbath-cover.webp, news/motelbloodbath-cover.webp, ravenport/motelbloodbath/motelbloodbath-cover.webp"
"MISSING","nemxnovels_link_problems.txt","58783","havenfall-blogs/page-3/backnforth-cover.webp","6","same file name exists at: backnforth-cover.webp, news/backnforth-cover.webp, ravenport/back&forth/backnforth-cover.webp"
"MISSING","nemxnovels_link_problems.txt","58789","havenfall-blogs/page-3/motelbloodbath-cover.webp","6","same file name exists at: motelbloodbath-cover.webp, news/motelbloodbath-cover.webp, ravenport/motelbloodbath/motelbloodbath-cover.webp"
"MISSING","nemxnovels_link_problems.txt","59449","havenfall/deardiary/entry-indicator-backup-20261002-133126/deardiary-cover.webp","12","same file name exists at: deardiary-cover.webp, havenfall/deardiary/deardiary-cover.webp, havenfall-blogs/page-2/deardiary-cover.webp"
"MISSING","nemxnovels_link_problems.txt","59455","havenfall/deardiary/entry-indicator-backup-20261002-133126/e4.webp","2","same file name exists at: havenfall/deardiary/e4.webp"
"MISSING","nemxnovels_link_problems.txt","59461","havenfall/deardiary/entry-indicator-backup-20261002-133126/blackdots.png","12","same file name exists at: havenfall/deardiary/blackdots.png"
"MISSING","nemxnovels_link_problems.txt","59467","havenfall/deardiary/entry-indicator-backup-20261002-133126/home-icon.png","12","same file name exists at: home-icon.png, havenfall/AngelsNotes/home-icon.png, havenfall/daggeroflight/home-icon.png"
"MISSING","nemxnovels_link_problems.txt","59473","havenfall/deardiary/entry-indicator-backup-20261002-133126/share.png","12","same file name exists at: havenfall/AngelsNotes/share.png, havenfall/daggeroflight/share.png, havenfall/deardiary/share.png"
"MISSING","nemxnovels_link_problems.txt","59485","havenfall/deardiary/entry-indicator-backup-20261002-133126/anonymous (1).png","12","same file name exists at: anonymous (1).png, havenfall/AngelsNotes/anonymous (1).png, havenfall/deardiary/anonymous (1).png"
"MISSING","nemxnovels_link_problems.txt","59497","havenfall/deardiary/entry-indicator-backup-20261002-133126/chapter (1).png","12","same file name exists at: havenfall/AngelsNotes/chapter (1).png, havenfall/deardiary/chapter (1).png, havenfall/original-story/chapter (1).png"
"MISSING","nemxnovels_link_problems.txt","59503","havenfall/deardiary/entry-indicator-backup-20261002-133126/afooter1.jpg","12","same file name exists at: havenfall/AngelsNotes/afooter1.jpg, havenfall/daggeroflight/afooter1.jpg, havenfall/deardiary/afooter1.jpg"
"MISSING","nemxnovels_link_problems.txt","59527","havenfall/deardiary/entry-indicator-backup-20261002-133126/e2.webp","4","same file name exists at: havenfall/deardiary/e2.webp"
"MISSING","nemxnovels_link_problems.txt","59899","havenfall/deardiary/entry-indicator-backup-20261002-133126/e1.webp","3","same file name exists at: havenfall/deardiary/e1.webp"
"MISSING","nemxnovels_link_problems.txt","60043","havenfall/deardiary/entry-indicator-backup-20261002-133126/e5.webp","3","same file name exists at: havenfall/deardiary/e5.webp"
"MISSING","nemxnovels_link_problems.txt","60265","havenfall/deardiary/entry-indicator-backup-20261002-133126/e3.jpg","1","same file name exists at: havenfall/deardiary/e3.jpg"
"MISSING","nemxnovels_link_problems.txt","60337","havenfall/deardiary/metadata-backup-20261002-120720/deardiary-cover.webp","13","same file name exists at: deardiary-cover.webp, havenfall/deardiary/deardiary-cover.webp, havenfall-blogs/page-2/deardiary-cover.webp"
"MISSING","nemxnovels_link_problems.txt","60343","havenfall/deardiary/metadata-backup-20261002-120720/e4.webp","3","same file name exists at: havenfall/deardiary/e4.webp"
"MISSING","nemxnovels_link_problems.txt","60349","havenfall/deardiary/metadata-backup-20261002-120720/blackdots.png","13","same file name exists at: havenfall/deardiary/blackdots.png"
"MISSING","nemxnovels_link_problems.txt","60355","havenfall/deardiary/metadata-backup-20261002-120720/home-icon.png","13","same file name exists at: home-icon.png, havenfall/AngelsNotes/home-icon.png, havenfall/daggeroflight/home-icon.png"
"MISSING","nemxnovels_link_problems.txt","60361","havenfall/deardiary/metadata-backup-20261002-120720/share.png","13","same file name exists at: havenfall/AngelsNotes/share.png, havenfall/daggeroflight/share.png, havenfall/deardiary/share.png"
"MISSING","nemxnovels_link_problems.txt","60373","havenfall/deardiary/metadata-backup-20261002-120720/anonymous (1).png","13","same file name exists at: anonymous (1).png, havenfall/AngelsNotes/anonymous (1).png, havenfall/deardiary/anonymous (1).png"
"MISSING","nemxnovels_link_problems.txt","60385","havenfall/deardiary/metadata-backup-20261002-120720/chapter (1).png","13","same file name exists at: havenfall/AngelsNotes/chapter (1).png, havenfall/deardiary/chapter (1).png, havenfall/original-story/chapter (1).png"
"MISSING","nemxnovels_link_problems.txt","60391","havenfall/deardiary/metadata-backup-20261002-120720/afooter1.jpg","13","same file name exists at: havenfall/AngelsNotes/afooter1.jpg, havenfall/daggeroflight/afooter1.jpg, havenfall/deardiary/afooter1.jpg"
"MISSING","nemxnovels_link_problems.txt","60415","havenfall/deardiary/metadata-backup-20261002-120720/e2.webp","4","same file name exists at: havenfall/deardiary/e2.webp"
"MISSING","nemxnovels_link_problems.txt","60853","havenfall/deardiary/metadata-backup-20261002-120720/e1.webp","3","same file name exists at: havenfall/deardiary/e1.webp"
"MISSING","nemxnovels_link_problems.txt","60997","havenfall/deardiary/metadata-backup-20261002-120720/e5.webp","3","same file name exists at: havenfall/deardiary/e5.webp"
"MISSING","nemxnovels_link_problems.txt","61219","havenfall/deardiary/metadata-backup-20261002-120720/e3.jpg","1","same file name exists at: havenfall/deardiary/e3.jpg"
"MISSING","nemxnovels_link_problems.txt","61285","havenfall/deardiary/navigation-backup-20261002-133347/deardiary-cover.webp","13","same file name exists at: deardiary-cover.webp, havenfall/deardiary/deardiary-cover.webp, havenfall-blogs/page-2/deardiary-cover.webp"
"MISSING","nemxnovels_link_problems.txt","61291","havenfall/deardiary/navigation-backup-20261002-133347/e4.webp","3","same file name exists at: havenfall/deardiary/e4.webp"
"MISSING","nemxnovels_link_problems.txt","61297","havenfall/deardiary/navigation-backup-20261002-133347/blackdots.png","13","same file name exists at: havenfall/deardiary/blackdots.png"
"MISSING","nemxnovels_link_problems.txt","61303","havenfall/deardiary/navigation-backup-20261002-133347/home-icon.png","13","same file name exists at: home-icon.png, havenfall/AngelsNotes/home-icon.png, havenfall/daggeroflight/home-icon.png"
"MISSING","nemxnovels_link_problems.txt","61309","havenfall/deardiary/navigation-backup-20261002-133347/share.png","13","same file name exists at: havenfall/AngelsNotes/share.png, havenfall/daggeroflight/share.png, havenfall/deardiary/share.png"
"MISSING","nemxnovels_link_problems.txt","61321","havenfall/deardiary/navigation-backup-20261002-133347/anonymous (1).png","13","same file name exists at: anonymous (1).png, havenfall/AngelsNotes/anonymous (1).png, havenfall/deardiary/anonymous (1).png"
"MISSING","nemxnovels_link_problems.txt","61333","havenfall/deardiary/navigation-backup-20261002-133347/chapter (1).png","13","same file name exists at: havenfall/AngelsNotes/chapter (1).png, havenfall/deardiary/chapter (1).png, havenfall/original-story/chapter (1).png"
"MISSING","nemxnovels_link_problems.txt","61339","havenfall/deardiary/navigation-backup-20261002-133347/afooter1.jpg","13","same file name exists at: havenfall/AngelsNotes/afooter1.jpg, havenfall/daggeroflight/afooter1.jpg, havenfall/deardiary/afooter1.jpg"
"MISSING","nemxnovels_link_problems.txt","61363","havenfall/deardiary/navigation-backup-20261002-133347/e2.webp","4","same file name exists at: havenfall/deardiary/e2.webp"
"MISSING","nemxnovels_link_problems.txt","61801","havenfall/deardiary/navigation-backup-20261002-133347/e1.webp","3","same file name exists at: havenfall/deardiary/e1.webp"
"MISSING","nemxnovels_link_problems.txt","61945","havenfall/deardiary/navigation-backup-20261002-133347/e5.webp","3","same file name exists at: havenfall/deardiary/e5.webp"
"MISSING","nemxnovels_link_problems.txt","62167","havenfall/deardiary/navigation-backup-20261002-133347/e3.jpg","1","same file name exists at: havenfall/deardiary/e3.jpg"
"MISSING","nemxnovels_link_problems.txt","62233","havenfall/deardiary/typo-backup-20261002-131104/deardiary-cover.webp","13","same file name exists at: deardiary-cover.webp, havenfall/deardiary/deardiary-cover.webp, havenfall-blogs/page-2/deardiary-cover.webp"
"MISSING","nemxnovels_link_problems.txt","62239","havenfall/deardiary/typo-backup-20261002-131104/e4.webp","3","same file name exists at: havenfall/deardiary/e4.webp"
"MISSING","nemxnovels_link_problems.txt","62245","havenfall/deardiary/typo-backup-20261002-131104/blackdots.png","13","same file name exists at: havenfall/deardiary/blackdots.png"
"MISSING","nemxnovels_link_problems.txt","62251","havenfall/deardiary/typo-backup-20261002-131104/home-icon.png","13","same file name exists at: home-icon.png, havenfall/AngelsNotes/home-icon.png, havenfall/daggeroflight/home-icon.png"
"MISSING","nemxnovels_link_problems.txt","62257","havenfall/deardiary/typo-backup-20261002-131104/share.png","13","same file name exists at: havenfall/AngelsNotes/share.png, havenfall/daggeroflight/share.png, havenfall/deardiary/share.png"
"MISSING","nemxnovels_link_problems.txt","62269","havenfall/deardiary/typo-backup-20261002-131104/anonymous (1).png","13","same file name exists at: anonymous (1).png, havenfall/AngelsNotes/anonymous (1).png, havenfall/deardiary/anonymous (1).png"
"MISSING","nemxnovels_link_problems.txt","62281","havenfall/deardiary/typo-backup-20261002-131104/chapter (1).png","13","same file name exists at: havenfall/AngelsNotes/chapter (1).png, havenfall/deardiary/chapter (1).png, havenfall/original-story/chapter (1).png"
"MISSING","nemxnovels_link_problems.txt","62287","havenfall/deardiary/typo-backup-20261002-131104/afooter1.jpg","13","same file name exists at: havenfall/AngelsNotes/afooter1.jpg, havenfall/daggeroflight/afooter1.jpg, havenfall/deardiary/afooter1.jpg"
"MISSING","nemxnovels_link_problems.txt","62311","havenfall/deardiary/typo-backup-20261002-131104/e2.webp","4","same file name exists at: havenfall/deardiary/e2.webp"
"MISSING","nemxnovels_link_problems.txt","62749","havenfall/deardiary/typo-backup-20261002-131104/e1.webp","3","same file name exists at: havenfall/deardiary/e1.webp"
"MISSING","nemxnovels_link_problems.txt","62893","havenfall/deardiary/typo-backup-20261002-131104/e5.webp","3","same file name exists at: havenfall/deardiary/e5.webp"
"MISSING","nemxnovels_link_problems.txt","63115","havenfall/deardiary/typo-backup-20261002-131104/e3.jpg","1","same file name exists at: havenfall/deardiary/e3.jpg"
"MISSING","nemxnovels_link_problems.txt","63187","hnews-10.webp","2",""
"MISSING","nemxnovels_link_problems.txt","67675","ravenport-blogs/page-2/backnforth-cover.webp","8","same file name exists at: backnforth-cover.webp, news/backnforth-cover.webp, ravenport/back&forth/backnforth-cover.webp"
"MISSING","nemxnovels_link_problems.txt","67681","ravenport-blogs/page-2/motelbloodbath-cover.webp","8","same file name exists at: motelbloodbath-cover.webp, news/motelbloodbath-cover.webp, ravenport/motelbloodbath/motelbloodbath-cover.webp"
"MISSING","nemxnovels_link_problems.txt","68731","ravenport-blogs/page-3/backnforth-cover.webp","6","same file name exists at: backnforth-cover.webp, news/backnforth-cover.webp, ravenport/back&forth/backnforth-cover.webp"
"MISSING","nemxnovels_link_problems.txt","68737","ravenport-blogs/page-3/motelbloodbath-cover.webp","6","same file name exists at: motelbloodbath-cover.webp, news/motelbloodbath-cover.webp, ravenport/motelbloodbath/motelbloodbath-cover.webp"
"MISSING","nemxnovels_link_problems.txt","69397","ravenport/original-story/ship.png","1",""
"MISSING","nemxnovels_link_problems.txt","69403","ravenport/original-story/yesterday.png","1",""
"MISSING","nemxnovels_link_problems.txt","69415","ravenport/original-story/white3.webp","1",""
"MISSING","nemxnovels_link_problems.txt","69421","lucienprofile.webp","1","same file name exists at: ravenport/original-story/lucienprofile.webp"
"MISSING","nemxnovels_link_problems2.txt","259","hnews-10.webp","2",""
"MISSING","nemxnovels_link_problems2.txt","811","ravenport/original-story/ship.png","1",""
"MISSING","nemxnovels_link_problems2.txt","817","ravenport/original-story/yesterday.png","1",""
"MISSING","nemxnovels_link_problems2.txt","829","ravenport/original-story/white3.webp","1",""
"MISSING","nemxnovels_link_problems2.txt","835","lucienprofile.webp","1","same file name exists at: ravenport/original-story/lucienprofile.webp"
"MISSING","nemxnovels_link_problems3.txt","85","hnews-10.webp","2",""
"MISSING","nemxnovels_link_problems3.txt","169","ravenport/original-story/ship.png","1",""
"MISSING","nemxnovels_link_problems3.txt","175","ravenport/original-story/yesterday.png","1",""
"MISSING","nemxnovels_link_problems3.txt","187","ravenport/original-story/white3.webp","1",""
"MISSING","nemxnovels_link_problems3.txt","193","lucienprofile.webp","1","same file name exists at: ravenport/original-story/lucienprofile.webp"
"MISSING","nemxnovels_link_problems4.txt","43","hnews-10.webp","2",""
"MISSING","nemxnovels_link_problems4.txt","97","ravenport/original-story/ship.png","1",""
"MISSING","nemxnovels_link_problems4.txt","103","ravenport/original-story/yesterday.png","1",""
"MISSING","nemxnovels_link_problems4.txt","115","ravenport/original-story/white3.webp","1",""
"MISSING","news/news-16.html","10","https://nemxnovels.site/news/ravenport-news-og.webp","1",""
"MISSING","occult-arcana/item.html","19","https://nemxnovels.site/occult-arcana/assets/occult-arcana-og.webp","1","same file name exists at: occult-arcana/occult-arcana-og.webp"
"MISSING","occult-arcana/item.js","166","assets/items/oa-0485.webp","1","same file name exists at: occult-arcana/OA-0485.webp"
"MISSING","ravenport/behindthecurse/behindthecurse-chapter10.html","13","https://nemxnovels.site/ravenport/behindthecurse/behindthecurse-og.webp","1",""
"MISSING","ravenport/behindthecurse/behindthecurse-chapter2.html","13","https://nemxnovels.site/ravenport/behindthecurse/behindthecurse-og.webp","1",""
"MISSING","ravenport/behindthecurse/behindthecurse-chapter3.html","13","https://nemxnovels.site/ravenport/behindthecurse/behindthecurse-og.webp","1",""
"MISSING","ravenport/behindthecurse/behindthecurse-chapter4.html","13","https://nemxnovels.site/ravenport/behindthecurse/behindthecurse-og.webp","1",""
"MISSING","ravenport/behindthecurse/behindthecurse-chapter5.html","13","https://nemxnovels.site/ravenport/behindthecurse/behindthecurse-og.webp","1",""
"MISSING","ravenport/behindthecurse/behindthecurse-chapter6.html","13","https://nemxnovels.site/ravenport/behindthecurse/behindthecurse-og.webp","1",""
"MISSING","ravenport/behindthecurse/behindthecurse-chapter7.html","13","https://nemxnovels.site/ravenport/behindthecurse/behindthecurse-og.webp","1",""
"MISSING","ravenport/behindthecurse/behindthecurse-chapter8.html","13","https://nemxnovels.site/ravenport/behindthecurse/behindthecurse-og.webp","1",""
"MISSING","ravenport/behindthecurse/behindthecurse-chapter9.html","13","https://nemxnovels.site/ravenport/behindthecurse/behindthecurse-og.webp","1",""
"MISSING","ravenport/behindthecurse/index.html","13","https://nemxnovels.site/ravenport/behindthecurse/behindthecurse-og.webp","1",""
"MISSING","ravenport/jobless/firstday.html","12","https://nemxnovels.site/nemxnovels-hiring-og.webp","1","same file name exists at: ravenport/jobless/nemxnovels-hiring-og.webp"
"MISSING","ravenport/jobless/index.html","12","https://nemxnovels.site/nemxnovels-hiring-og.webp","1","same file name exists at: ravenport/jobless/nemxnovels-hiring-og.webp"
"MISSING","ravenport/jobless/rules.html","12","https://nemxnovels.site/nemxnovels-hiring-og.webp","1","same file name exists at: ravenport/jobless/nemxnovels-hiring-og.webp"
"MISSING","ravenport/motelbloodbath/accused-file-page.html","14","https://nemxnovels.site/ravenport/motelbloodbath-og.webp","1","same file name exists at: ravenport/motelbloodbath/motelbloodbath-og.webp"
"MISSING","ravenport/motelbloodbath/victim-file-page.html","14","https://nemxnovels.site/ravenport/motelbloodbath-og.webp","1","same file name exists at: ravenport/motelbloodbath/motelbloodbath-og.webp"
"MISSING","sevensteps-chapter3.html","13","https://nemxnovels.site/havenfa/sevensteps/sevensteps-og.webp","1","same file name exists at: havenfall/sevensteps/sevensteps-og.webp"
"MISSING","sevensteps-chapter3.html","630","bhc25.webp","1","same file name exists at: ravenport/behindthecurse/bhc25.webp"
"MISSING","sevensteps-chapter3.html","769","hking.webp","1","same file name exists at: havenfall/original-story/hking.webp, havenfall/sevensteps/hking.webp, ravenport/behindthecurse/hking.webp"
"MISSING","sevensteps-chapter3.html","885","bhc50.webp","1","same file name exists at: ravenport/behindthecurse/bhc50.webp"
"MISSING","sevensteps-chapter3.html","921","bhc48.webp","1","same file name exists at: ravenport/behindthecurse/bhc48.webp"
"MISSING","sevensteps-chapter3.html","1183","bhc11.webp","1","same file name exists at: ravenport/behindthecurse/bhc11.webp"
"MISSING","sevensteps-chapter3.html","1198","b9.webp","2","same file name exists at: ravenport/behindthecurse/b9.webp"
"MISSING","sevensteps-chapter3.html","1430","menu.png","1","same file name exists at: havenfall/AngelsNotes/menu.png, havenfall/daggeroflight/menu.png, havenfall/original-story/menu.png"
"MISSING","sevensteps-chapter3.html","1452","home (1).png","1","same file name exists at: havenfall/AngelsNotes/home (1).png, havenfall/original-story/home (1).png, havenfall/sevensteps/home (1).png"
"MISSING","sevensteps-chapter3.html","1466","map (1).png","1","same file name exists at: havenfall/AngelsNotes/map (1).png, havenfall/original-story/map (1).png, havenfall/sevensteps/map (1).png"
"MISSING","sevensteps-chapter3.html","1497","share.png","1","same file name exists at: havenfall/AngelsNotes/share.png, havenfall/daggeroflight/share.png, havenfall/deardiary/share.png"
"MISSING","sevensteps-chapter3.html","1513","chapter (1).png","1","same file name exists at: havenfall/AngelsNotes/chapter (1).png, havenfall/deardiary/chapter (1).png, havenfall/original-story/chapter (1).png"
"MISSING","sevensteps-chapter3.html","1528","afooter1.jpg","1","same file name exists at: havenfall/AngelsNotes/afooter1.jpg, havenfall/daggeroflight/afooter1.jpg, havenfall/deardiary/afooter1.jpg"
"OUTSIDE SITE","sevensteps-chapter3.html","4","../../favicon.png","1","points outside the site folder"