folder,image,size,status,used_by,action
".","BoH.webp","245072","used","videos-page-raven.html",""
".","EE.jpg","52292","used","videos-page-haven.html",""
".","Fat.jpg","72375","used","videos-page-raven.html",""
".","Mine.webp","275254","used","article-4.html",""
".","WelcomeRVP.jpg","177130","used","index.html",""
".","about.png","14954","used","aboutnn.html",""
".","aboutcontrnt5.png","913956","used","aboutnn.html",""
".","aboutmain.png","1394996","unused","","moved to _unused-images-removed"
".","aboutmain2.png","2072849","used","aboutnn.html",""
".","aboutpic.png","1398464","unused","","moved to _unused-images-removed"
".","aboutwhite.png","22721","used","archive-1.html",""
".","amanda.png","1409596","used","aboutnn.html",""
".","amanda.webp","52022","used","index.html",""
".","amandaquote.jpg","125736","used","index.html",""
".","amonaly.jpg","118153","unused","","moved to _unused-images-removed"
".","anc1s1.webp","63638","used","videos-page-haven.html",""
".","anc1s2.webp","30764","used","videos-page-haven.html",""
".","anc1s3.webp","30218","used","videos-page-haven.html",""
".","anc2s1.webp","36882","used","videos-page-haven.html",""
".","anc2s2.webp","74744","used","videos-page-haven.html",""
".","anc2s3.webp","46562","used","videos-page-haven.html",""
".","angelsnotes-cover.webp","93790","used","aboutnn.html",""
".","anonymous (1).png","8706","used","profilepage.html",""
".","anonymous-white.png","15851","used","aboutnn.html",""
".","archive-silion.webp","39200","used","archive-1.html",""
".","backnforth-cover.webp","37402","used","aboutnn.html",""
".","behindthecurse-cover.webp","114622","used","aboutnn.html",""
".","bewitchinggirl.webp","68464","used","aboutnn.html",""
".","bhc6.webp","284926","used","sevensteps-chapter3.html",""
".","birdshugs-cover.webp","43718","used","aboutnn.html",""
".","blacktemplar.webp","96974","used","index.html",""
".","blog.png","12264","used","archive-1.html",""
".","blogwhite7.png","19739","used","aboutnn.html",""
".","blood-rain.png","1257806","used","videos-page-raven.html",""
".","bluelogo.png","30083","used","archive-1.html",""
".","bluelogo2.png","50806","used","aboutnn.html",""
".","blueroom-cover.webp","11574","used","stories-page.html",""
".","book.png","8329","unused","","moved to _unused-images-removed"
".","bookwhite.png","16132","unused","","moved to _unused-images-removed"
".","botas.webp","92024","used","aboutnn.html",""
".","cannon.jpg","61187","used","news-13.html",""
".","carg.webp","106350","used","news-5.html",""
".","cemetery.jpg","62611","used","news-10.html",""
".","chapter.png","11362","used","stories-page.html",""
".","clapperboard.png","9976","unused","","moved to _unused-images-removed"
".","clapperboardwhite.png","20091","unused","","moved to _unused-images-removed"
".","confidential-profile.png","426609","used","videos-page-angel.html",""
".","confidential.png","542226","used","index.html",""
".","curse-verse01.png","2510177","used","article-1.html",""
".","daggeroflight-cover.webp","134236","used","stories-page.html",""
".","danielj.webp","121950","used","landing-havenfall-blog.html",""
".","deardiary-cover.webp","79420","used","aboutnn.html",""
".","down.png","5078","used","archive-1.html",""
".","dream-log01.png","2475381","used","article-3.html",""
".","drugl.webp","68398","used","news-9.html",""
".","drunk.webp","109770","unused","","moved to _unused-images-removed"
".","emilyletter.webp","193692","used","harticle-1.html",""
".","entity.webp","10808","used","profilepage.html",""
".","eye.jpg","36388","unused","","moved to _unused-images-removed"
".","eye1.jpg","60319","unused","","moved to _unused-images-removed"
".","eye1.webp","105604","used","aboutnn.html",""
".","fairy-tale.png","10983","used","aboutnn.html",""
".","fairy-talewhite.png","20224","used","aboutnn.html",""
".","favicon.png","2818","used","aboutnn.html",""
".","footerimag1.png","1395139","unused","","moved to _unused-images-removed"
".","footerimag2.png","1626016","unused","","moved to _unused-images-removed"
".","footerimag3.png","1553353","used","aboutnn.html",""
".","footerimage.png","633690","used","aboutnn.html",""
".","footerimage4.png","3597873","used","aboutnn.html",""
".","hamburger.png","4625","used","aboutnn.html",""
".","harticle-1.webp","109608","used","harticle-1.html",""
".","harticle-2.webp","16284","used","harticle-2.html",""
".","harticle-3.webp","85978","used","harticle-3.html",""
".","harticle-4.webp","314176","used","harticle-4.html",""
".","havenfall-cover.png","1648233","unused","","moved to _unused-images-removed"
".","havenfall-cover.webp","135712","used","aboutnn.html",""
".","havenfall-icon.png","172894","used","haven-news-page.html",""
".","havenfall-news.webp","28504","used","haven-news-page.html",""
".","hblog-1.webp","163496","used","landing-havenfall-blog.html",""
".","hblog-10.webp","49454","used","landing-havenfall-blog.html",""
".","hblog-11.webp","110722","used","landing-havenfall-blog.html",""
".","hblog-12.webp","155790","used","landing-havenfall-blog.html",""
".","hblog-13.webp","121306","used","landing-havenfall-blog.html",""
".","hblog-14.webp","128330","used","landing-havenfall-blog.html",""
".","hblog-2.webp","245658","used","landing-havenfall-blog.html",""
".","hblog-3.webp","62808","used","landing-havenfall-blog.html",""
".","hblog-4.webp","26434","used","landing-havenfall-blog.html",""
".","hblog-5.webp","73564","used","landing-havenfall-blog.html",""
".","hblog-6.webp","82338","used","landing-havenfall-blog.html",""
".","hblog-7.jpg","65257","used","landing-havenfall-blog.html",""
".","hblog-8.webp","199382","used","landing-havenfall-blog.html",""
".","hblog-9.webp","57054","used","landing-havenfall-blog.html",""
".","heroclean.png","1279912","unused","","moved to _unused-images-removed"
".","heroclean1.png","1425443","unused","","moved to _unused-images-removed"
".","heroclean1.webp","65502","used","aboutnn.html",""
".","heropic.png","1226879","unused","","moved to _unused-images-removed"
".","herowhite.png","1213871","unused","","moved to _unused-images-removed"
".","herowhite2.png","1354067","unused","","moved to _unused-images-removed"
".","hnews1.webp","62632","used","haven-news-page.html",""
".","hnews10.webp","4500","used","haven-news-page.html",""
".","hnews11.webp","26746","used","haven-news-page.html",""
".","hnews12.webp","74864","used","haven-news-page.html",""
".","hnews13.webp","142438","used","haven-news-page.html",""
".","hnews14.webp","97218","used","haven-news-page.html",""
".","hnews15.webp","119458","used","haven-news-page.html",""
".","hnews2.webp","35048","used","haven-news-page.html",""
".","hnews3.webp","50658","used","haven-news-page.html",""
".","hnews4.webp","80376","used","haven-news-page.html",""
".","hnews5.webp","61504","used","haven-news-page.html",""
".","hnews6.webp","62940","used","haven-news-page.html",""
".","hnews7.webp","28970","used","haven-news-page.html",""
".","hnews8.webp","76348","used","haven-news-page.html",""
".","hnews9.webp","171626","used","haven-news-page.html",""
".","home-icon.png","4582","used","sevensteps-chapter3.html",""
".","hug4.webp","9266","used","nemxnovels_link_audit.txt",""
".","hug5.webp","38654","used","sevensteps-chapter3.html",""
".","hug6.webp","187484","used","sevensteps-chapter3.html",""
".","hug8.webp","126300","used","sevensteps-chapter3.html",""
".","immortal.png","3317596","used","video-details-hover.js",""
".","immortal.webp","290970","used","article-3.html",""
".","jessies.webp","72298","used","index.html",""
".","law2.png","404869","used","profilepage.html",""
".","left-arrow-white.png","16235","used","profilepage.html",""
".","left-arrow.png","10972","used","aboutnn.html",""
".","letheprofile.png","2018738","used","index.html",""
".","log1.png","1316007","used","videos-page-raven.html",""
".","log2.webp","75958","used","videos-page-raven.html",""
".","log3.webp","75900","used","videos-page-raven.html",""
".","love.jpeg","84721","used","news-15.html",""
".","magazine.webp","139050","used","aboutnn.html",""
".","map.png","4081024","used","aboutnn.html",""
".","map.webp","264940","used","aboutnn.html",""
".","marriage.jpg","65715","used","news-11.html",""
".","military-closure.webp","146168","used","news-2.html",""
".","motelbloodbath-cover.webp","107570","used","aboutnn.html",""
".","movie.webp","47852","used","aboutnn.html",""
".","mps.webp","54032","used","news-4.html",""
".","mrted.webp","21494","used","index.html",""
".","mrted2.webp","135502","used","article-5.html",""
".","mycroft.png","1677377","used","aboutnn.html",""
".","myheart.jpg","89804","unused","","moved to _unused-images-removed"
".","mystical.png","2022063","used","videos-page-raven.html",""
".","mystical2.webp","159810","used","videos-page-raven.html",""
".","nemx.png","1216261","used","videos-page-angel.html",""
".","nemxnovels-about-og.webp","164874","used","aboutnn.html",""
".","nemxnovels-news-og.webp","110356","used","haven-news-page.html",""
".","nemxnovels-og.webp","116512","used","index.html",""
".","nemxnovels-profile-og.webp","129860","used","profilepage.html",""
".","nemxnovels-stories-og.webp","137724","used","stories-page.html",""
".","nemxnovels-videos-og.webp","133362","used","videos-page-haven.html",""
".","nemxnovels.png","7610","used","aboutnn.html",""
".","news-silion.png","73482","used","news-1.html",""
".","news.png","14460","unused","","moved to _unused-images-removed"
".","newspaper-folded.png","5395","used","haven-news-page.html",""
".","newspaper-folderwhite.png","13655","used","aboutnn.html",""
".","newswhite.png","20476","unused","","moved to _unused-images-removed"
".","nn-logo.png","43585","used","aboutnn.html",""
".","objects.png","8401","unused","","moved to _unused-images-removed"
".","occultarcana-cover.webp","79854","used","aboutnn.html",""
".","og-image.png","1213832","unused","","moved to _unused-images-removed"
".","old.jpeg","40616","used","news-14.html",""
".","partners.webp","85020","unused","","moved to _unused-images-removed"
".","patrollers.webp","90578","used","news-3.html",""
".","phoneban.jpg","78126","used","news-12.html",""
".","post1.jpg","620644","used","nemxnovels_link_audit.txt",""
".","post2.jpg","132012","used","nemxnovels_link_audit.txt",""
".","promeriddle.png","606211","used","index.html",""
".","prometheuslogo.png","377804","used","index.html",""
".","quill.png","8774","used","aboutnn.html",""
".","quillwhite.png","15990","used","aboutnn.html",""
".","quote-1.webp","86322","unused","","moved to _unused-images-removed"
".","quote-2.webp","95728","unused","","moved to _unused-images-removed"
".","quote-3.webp","75800","used","index.html",""
".","quote-4.webp","92156","unused","","moved to _unused-images-removed"
".","quote-5.webp","80866","unused","","moved to _unused-images-removed"
".","quote-6.webp","186898","used","index.html",""
".","raphaasylum-cover.webp","127460","used","archive-1.html",""
".","ravenport-cover.png","785686","unused","","moved to _unused-images-removed"
".","ravenport-cover.webp","77620","used","aboutnn.html",""
".","ravenport-icon.png","66925","used","haven-news-page.html",""
".","ravenport-news.webp","19988","used","news-page.html",""
".","ravenport-title.png","30112","unused","","moved to _unused-images-removed"
".","rbi.jpg","243605","used","aboutnn.html",""
".","rbi1.webp","61028","used","index.html",""
".","rbi2.webp","55504","unused","","moved to _unused-images-removed"
".","rbi3.webp","117402","used","index.html",""
".","right-arrow-white.png","15661","used","aboutnn.html",""
".","right-arrow.png","2601","used","index.html",""
".","s4.webp","186012","used","sevensteps-chapter3.html",""
".","s5.webp","35736","used","sevensteps-chapter3.html",""
".","sam.png","1967187","used","article-2.html",""
".","sensual.png","103572","used","index.html",""
".","sensual1.webp","93068","used","index.html",""
".","session.webp","78651","used","videos-page-raven.html",""
".","session2.webp","28600","used","videos-page-raven.html",""
".","sevensteps-cover.webp","57440","used","aboutnn.html",""
".","sidelogo.png","26343","unused","","moved to _unused-images-removed"
".","silent.jpeg","69908","used","article-7.html",""
".","sky1.webp","47420","used","sevensteps-chapter3.html",""
".","sleeppara.webp","72700","used","index.html",""
".","someonewhostays-cover.webp","59202","used","aboutnn.html",""
".","srcity.webp","68086","used","news-6.html",""
".","stacy-1.webp","91382","used","article-6.html",""
".","stacyprofilepic.webp","102184","used","index.html",""
".","stalker.webp","119920","used","news-7.html",""
".","storyline.png","12273","used","aboutnn.html",""
".","storylinewhite.png","19372","used","aboutnn.html",""
".","style.png","8691","used","aboutnn.html",""
".","stylewhite.png","14069","used","aboutnn.html",""
".","ted2.png","41903","used","index.html",""
".","ted3.webp","24628","used","index.html",""
".","ted4.webp","162724","used","index.html",""
".","traingirl.jpg","184912","used","news-8.html",""
".","up.png","5002","used","archive-1.html",""
".","videos.png","23867","used","videos-page-angel.html",""
".","videosblak.png","26900","used","aboutnn.html",""
".","wall3.png","829206","unused","","moved to _unused-images-removed"
".","wall3.webp","68134","used","aboutnn.html",""
".","zeke.png","1473463","used","nemxnovels_link_audit.txt",""
".","zeke.webp","54426","used","index.html",""
"havenfall/AngelsNotes","abrown.png","162993","used","havenfall/AngelsNotes/AngelsNotes-chapter3.html",""
"havenfall/AngelsNotes","aday.png","190446","used","havenfall/AngelsNotes/AngelsNotes-chapter2.html",""
"havenfall/AngelsNotes","afooter.png","53980","unused","","moved to _unused-images-removed"
"havenfall/AngelsNotes","afooter1.jpg","5801","used","havenfall/AngelsNotes/AngelsNotes-chapter2.html",""
"havenfall/AngelsNotes","agreen.webp","79212","unused","","moved to _unused-images-removed"
"havenfall/AngelsNotes","agreen2.webp","81666","unused","","moved to _unused-images-removed"
"havenfall/AngelsNotes","agreen3.webp","77770","used","havenfall/AngelsNotes/AngelsNotes-chapter2.html",""
"havenfall/AngelsNotes","angelsnotes-cover.webp","93790","used","havenfall/AngelsNotes/AngelsNotes-chapter2.html",""
"havenfall/AngelsNotes","angelsnotes-og.webp","147302","used","havenfall/AngelsNotes/AngelsNotes-chapter2.html",""
"havenfall/AngelsNotes","anight.jpg","47889","used","havenfall/AngelsNotes/AngelsNotes-chapter6.html",""
"havenfall/AngelsNotes","anight3.webp","51728","used","havenfall/AngelsNotes/AngelsNotes-chapter3.html",""
"havenfall/AngelsNotes","anonymous (1).png","8706","used","havenfall/AngelsNotes/AngelsNotes-chapter2.html",""
"havenfall/AngelsNotes","asun6.webp","20850","used","havenfall/AngelsNotes/AngelsNotes-chapter3.html",""
"havenfall/AngelsNotes","botas.webp","92024","used","havenfall/AngelsNotes/angelsnote-character-botas.html",""
"havenfall/AngelsNotes","chapter (1).png","10496","used","havenfall/AngelsNotes/AngelsNotes-chapter2.html",""
"havenfall/AngelsNotes","chris.webp","112664","used","havenfall/AngelsNotes/angelsnote-character-botas.html",""
"havenfall/AngelsNotes","elizabeth.webp","61482","used","havenfall/AngelsNotes/angelsnote-character-botas.html",""
"havenfall/AngelsNotes","exit.png","4243","used","havenfall/AngelsNotes/angelsnote-character-botas.html",""
"havenfall/AngelsNotes","home (1).png","14140","used","havenfall/AngelsNotes/AngelsNotes-chapter2.html",""
"havenfall/AngelsNotes","home-icon.png","4582","used","havenfall/AngelsNotes/AngelsNotes-chapter2.html",""
"havenfall/AngelsNotes","hsun6.webp","110886","used","havenfall/AngelsNotes/AngelsNotes-chapter2.html",""
"havenfall/AngelsNotes","hsun7.png","886948","used","havenfall/AngelsNotes/AngelsNotes-chapter3.html",""
"havenfall/AngelsNotes","lusion.webp","71572","used","havenfall/AngelsNotes/angelsnote-character-botas.html",""
"havenfall/AngelsNotes","map (1).png","12894","used","havenfall/AngelsNotes/AngelsNotes-chapter2.html",""
"havenfall/AngelsNotes","menu.png","2417","used","havenfall/AngelsNotes/AngelsNotes-chapter2.html",""
"havenfall/AngelsNotes","next.png","4276","unused","","moved to _unused-images-removed"
"havenfall/AngelsNotes","share.png","14937","used","havenfall/AngelsNotes/AngelsNotes-chapter2.html",""
"havenfall/blueroom","add.png","9588","unused","","moved to _unused-images-removed"
"havenfall/blueroom","ahsley.webp","52652","used","havenfall/blueroom/ashley-kim.html",""
"havenfall/blueroom","alena.webp","24176","used","havenfall/blueroom/alena.html",""
"havenfall/blueroom","brea.webp","48412","used","havenfall/blueroom/brea.html",""
"havenfall/blueroom","call.png","14176","used","havenfall/blueroom/alena.html",""
"havenfall/blueroom","chat.png","14536","used","havenfall/blueroom/ashley-chat.html",""
"havenfall/blueroom","clown.jpg","85952","used","havenfall/blueroom/mona.html",""
"havenfall/blueroom","daisy.webp","55936","used","havenfall/blueroom/daisy.html",""
"havenfall/blueroom","david.webp","43136","used","havenfall/blueroom/ashley-chat.html",""
"havenfall/blueroom","dick.webp","23318","used","havenfall/blueroom/milo.html",""
"havenfall/blueroom","dolls.webp","31930","used","havenfall/blueroom/dolls.html",""
"havenfall/blueroom","eating.webp","411072","used","havenfall/blueroom/ashley.html",""
"havenfall/blueroom","emo-girl.webp","37292","used","havenfall/blueroom/emo-girl-kim.html",""
"havenfall/blueroom","emo1.jpg","83825","used","havenfall/blueroom/emo-girl.html",""
"havenfall/blueroom","emo2.webp","46540","used","havenfall/blueroom/emo-girl.html",""
"havenfall/blueroom","favicon.png","2818","used","havenfall/blueroom/alena.html",""
"havenfall/blueroom","friends.png","14344","used","havenfall/blueroom/ashley-chat.html",""
"havenfall/blueroom","friendss.png","16690","unused","","moved to _unused-images-removed"
"havenfall/blueroom","george.jpg","46043","used","havenfall/blueroom/george.html",""
"havenfall/blueroom","gojo.webp","87442","used","havenfall/blueroom/gojo.html",""
"havenfall/blueroom","hi.webp","44686","used","havenfall/blueroom/mohan.html",""
"havenfall/blueroom","home.png","14098","used","havenfall/blueroom/ashley-chat.html",""
"havenfall/blueroom","icecream1.webp","55612","used","havenfall/blueroom/ashley.html",""
"havenfall/blueroom","icecream2.webp","93994","used","havenfall/blueroom/ashley.html",""
"havenfall/blueroom","icecream3.webp","44830","used","havenfall/blueroom/ashley.html",""
"havenfall/blueroom","icecream4.webp","65148","used","havenfall/blueroom/ashley.html",""
"havenfall/blueroom","inbed.webp","76288","unused","","moved to _unused-images-removed"
"havenfall/blueroom","ivan.webp","19768","used","havenfall/blueroom/ashley-chat.html",""
"havenfall/blueroom","jason.jpg","67375","used","havenfall/blueroom/jason.html",""
"havenfall/blueroom","jessica.jpg","19788","used","havenfall/blueroom/index.html",""
"havenfall/blueroom","jillia.webp","12446","used","havenfall/blueroom/index.html",""
"havenfall/blueroom","jobless.webp","15206","used","havenfall/blueroom/brea.html",""
"havenfall/blueroom","kim.webp","24154","used","havenfall/blueroom/ashley-chat.html",""
"havenfall/blueroom","lance.webp","106702","used","havenfall/blueroom/ashley-chat.html",""
"havenfall/blueroom","lilith.webp","25020","used","havenfall/blueroom/index.html",""
"havenfall/blueroom","lorenzo.webp","14528","used","havenfall/blueroom/ashley-chat.html",""
"havenfall/blueroom","matt.webp","73914","used","havenfall/blueroom/ashley-chat.html",""
"havenfall/blueroom","maya.webp","51808","used","havenfall/blueroom/index.html",""
"havenfall/blueroom","milo.webp","7190","used","havenfall/blueroom/ashley-chat.html",""
"havenfall/blueroom","mohan.webp","51880","used","havenfall/blueroom/ashley-chat.html",""
"havenfall/blueroom","mona.webp","30504","used","havenfall/blueroom/index.html",""
"havenfall/blueroom","murphy.webp","42906","used","havenfall/blueroom/ashley-chat.html",""
"havenfall/blueroom","mute.png","14810","unused","","moved to _unused-images-removed"
"havenfall/blueroom","nate.webp","25120","used","havenfall/blueroom/ashley-chat.html",""
"havenfall/blueroom","nemxnovels-blueroom-og.webp","11290","used","havenfall/blueroom/alena.html",""
"havenfall/blueroom","notify.png","13678","used","havenfall/blueroom/ashley-chat.html",""
"havenfall/blueroom","rachel.webp","27182","used","havenfall/blueroom/index.html",""
"havenfall/blueroom","reels.png","12465","used","havenfall/blueroom/ashley-chat.html",""
"havenfall/blueroom","roger.webp","53494","used","havenfall/blueroom/ashley-chat.html",""
"havenfall/blueroom","scarlet.webp","38170","used","havenfall/blueroom/index.html",""
"havenfall/blueroom","sendimages.png","16198","used","havenfall/blueroom/alena.html",""
"havenfall/blueroom","settings.png","14406","used","havenfall/blueroom/alena.html",""
"havenfall/blueroom","simp.webp","70570","used","havenfall/blueroom/steven.html",""
"havenfall/blueroom","skylar.webp","49026","used","havenfall/blueroom/index.html",""
"havenfall/blueroom","slap.jpg","32893","used","havenfall/blueroom/emo-girl.html",""
"havenfall/blueroom","sleepinbed.jpg","87947","used","havenfall/blueroom/torez.html",""
"havenfall/blueroom","stan.webp","32650","used","havenfall/blueroom/ashley-chat.html",""
"havenfall/blueroom","steven.webp","30490","used","havenfall/blueroom/ashley-chat.html",""
"havenfall/blueroom","third-party (1).png","20380","unused","","moved to _unused-images-removed"
"havenfall/blueroom","third-party.png","10412","used","havenfall/blueroom/ashley-chat.html",""
"havenfall/blueroom","titus.webp","31534","used","havenfall/blueroom/ashley-chat.html",""
"havenfall/blueroom","torez.jpg","78991","used","havenfall/blueroom/index.html",""
"havenfall/blueroom","videocall.png","10557","used","havenfall/blueroom/alena.html",""
"havenfall/blueroom","vlad.webp","81116","used","havenfall/blueroom/ashley-chat.html",""
"havenfall/blueroom","voicenote.png","14352","used","havenfall/blueroom/alena.html",""
"havenfall/blueroom","whit.webp","44368","used","havenfall/blueroom/whitney.html",""
"havenfall/blueroom","whitney.jpg","54286","used","havenfall/blueroom/index.html",""
"havenfall/daggeroflight","afooter1.jpg","5801","used","havenfall/daggeroflight/index.html",""
"havenfall/daggeroflight","daggeroflight-cover.webp","134236","used","havenfall/daggeroflight/index.html",""
"havenfall/daggeroflight","daggeroflight-og.webp","156136","used","havenfall/daggeroflight/index.html",""
"havenfall/daggeroflight","dh1.webp","3258532","used","havenfall/daggeroflight/index.html",""
"havenfall/daggeroflight","dh2.webp","1701888","used","havenfall/daggeroflight/index.html",""
"havenfall/daggeroflight","dh3.webp","1530756","used","havenfall/daggeroflight/index.html",""
"havenfall/daggeroflight","ds1.webp","204308","used","havenfall/daggeroflight/index.html",""
"havenfall/daggeroflight","exit.png","4243","unused","","moved to _unused-images-removed"
"havenfall/daggeroflight","home-icon.png","4582","used","havenfall/daggeroflight/index.html",""
"havenfall/daggeroflight","menu.png","2417","used","havenfall/daggeroflight/index.html",""
"havenfall/daggeroflight","share.png","14937","used","havenfall/daggeroflight/index.html",""
"havenfall/deardiary","afooter1.jpg","5801","used","havenfall/deardiary/deardiary-entry10.html",""
"havenfall/deardiary","anonymous (1).png","8706","used","havenfall/deardiary/deardiary-entry10.html",""
"havenfall/deardiary","blackdots.png","3607","used","havenfall/deardiary/deardiary-entry10.html",""
"havenfall/deardiary","chapter (1).png","10496","used","havenfall/deardiary/deardiary-entry10.html",""
"havenfall/deardiary","deardiary-cover.webp","79420","used","havenfall/deardiary/deardiary-entry10.html",""
"havenfall/deardiary","deardiary-og.webp","151316","used","havenfall/deardiary/deardiary-character-lexie.html",""
"havenfall/deardiary","e1.webp","143394","used","havenfall/deardiary/deardiary-entry5.html",""
"havenfall/deardiary","e2.webp","13476","used","havenfall/deardiary/deardiary-entry11.html",""
"havenfall/deardiary","e3.jpg","30149","used","havenfall/deardiary/index.html",""
"havenfall/deardiary","e4.webp","20556","used","havenfall/deardiary/deardiary-entry10.html",""
"havenfall/deardiary","e5.webp","34188","used","havenfall/deardiary/deardiary-entry7.html",""
"havenfall/deardiary","exit.png","4243","used","havenfall/deardiary/deardiary-character-lexie.html",""
"havenfall/deardiary","home (1).png","14140","unused","","moved to _unused-images-removed"
"havenfall/deardiary","home-icon.png","4582","used","havenfall/deardiary/deardiary-entry10.html",""
"havenfall/deardiary","lexie.webp","40632","used","havenfall/deardiary/deardiary-character-lexie.html",""
"havenfall/deardiary","map (1).png","12894","unused","","moved to _unused-images-removed"
"havenfall/deardiary","melissa.webp","51830","used","havenfall/deardiary/deardiary-character-lexie.html",""
"havenfall/deardiary","menu.png","2417","unused","","moved to _unused-images-removed"
"havenfall/deardiary","share.png","14937","used","havenfall/deardiary/deardiary-entry10.html",""
"havenfall/original-story","R1.webp","3462","used","havenfall/original-story/Havenfall-chapter3.html",""
"havenfall/original-story","R3.webp","443316","used","havenfall/original-story/Havenfall-chapter4.html",""
"havenfall/original-story","aleister.jpg","168723","unused","","moved to _unused-images-removed"
"havenfall/original-story","aleister.webp","118070","used","havenfall/original-story/havenfall-character-aleister.html",""
"havenfall/original-story","alexander.webp","74086","used","havenfall/original-story/havenfall-character-aleister.html",""
"havenfall/original-story","andrew.webp","80220","used","havenfall/original-story/havenfall-character-aleister.html",""
"havenfall/original-story","anonymous (1).png","8706","used","havenfall/original-story/Havenfall-chapter2.html",""
"havenfall/original-story","anthony.webp","70600","used","havenfall/original-story/havenfall-character-aleister.html",""
"havenfall/original-story","bcon1.webp","158020","used","havenfall/original-story/Havenfall-chapter4.html",""
"havenfall/original-story","bcon2.webp","204146","used","havenfall/original-story/Havenfall-chapter4.html",""
"havenfall/original-story","belladonna.webp","83762","used","havenfall/original-story/havenfall-character-aleister.html",""
"havenfall/original-story","billie.webp","63646","used","havenfall/original-story/havenfall-character-aleister.html",""
"havenfall/original-story","black.png","228089","unused","","moved to _unused-images-removed"
"havenfall/original-story","black01.png","228089","used","havenfall/original-story/Havenfall-chapter2.html",""
"havenfall/original-story","black10.png","10418","used","havenfall/original-story/Havenfall-chapter2.html",""
"havenfall/original-story","black2.png","12702","unused","","moved to _unused-images-removed"
"havenfall/original-story","black3.png","12257","used","havenfall/original-story/Havenfall-chapter3.html",""
"havenfall/original-story","black4.png","8983","used","havenfall/original-story/Havenfall-chapter7.html",""
"havenfall/original-story","black5.png","6875","used","havenfall/original-story/Havenfall-chapter3.html",""
"havenfall/original-story","black6.png","5461","used","havenfall/original-story/Havenfall-chapter8.html",""
"havenfall/original-story","black7.png","4726","used","havenfall/original-story/Havenfall-chapter2.html",""
"havenfall/original-story","black7s.png","3410","unused","","moved to _unused-images-removed"
"havenfall/original-story","black8.png","5023","unused","","moved to _unused-images-removed"
"havenfall/original-story","blue1.png","12978","used","havenfall/original-story/Havenfall-chapter2.html",""
"havenfall/original-story","chapter (1).png","10496","used","havenfall/original-story/Havenfall-chapter2.html",""
"havenfall/original-story","cyrus.webp","45392","used","havenfall/original-story/havenfall-character-aleister.html",""
"havenfall/original-story","eden.webp","142702","used","havenfall/original-story/Havenfall-chapter4.html",""
"havenfall/original-story","eden3.png","713669","used","havenfall/original-story/Havenfall-chapter5.html",""
"havenfall/original-story","elizabeth.webp","61482","used","havenfall/original-story/havenfall-character-aleister.html",""
"havenfall/original-story","emily.webp","60766","used","havenfall/original-story/havenfall-character-aleister.html",""
"havenfall/original-story","ethan.webp","67790","unused","","moved to _unused-images-removed"
"havenfall/original-story","exit.png","4243","used","havenfall/original-story/havenfall-character-aleister.html",""
"havenfall/original-story","h10.webp","367036","used","havenfall/original-story/Havenfall-chapter2.html",""
"havenfall/original-story","h11.webp","363974","used","havenfall/original-story/Havenfall-chapter2.html",""
"havenfall/original-story","h12.webp","65526","unused","","moved to _unused-images-removed"
"havenfall/original-story","h13.webp","10106","used","havenfall/original-story/Havenfall-chapter3.html",""
"havenfall/original-story","h14.jpg","45012","unused","","moved to _unused-images-removed"
"havenfall/original-story","h15.png","154170","used","havenfall/original-story/Havenfall-chapter5.html",""
"havenfall/original-story","h16.webp","72412","used","havenfall/original-story/Havenfall-chapter5.html",""
"havenfall/original-story","h17.webp","77026","unused","","moved to _unused-images-removed"
"havenfall/original-story","h19.webp","86692","unused","","moved to _unused-images-removed"
"havenfall/original-story","h2.webp","40008","used","havenfall/original-story/Havenfall-chapter6.html",""
"havenfall/original-story","h3.webp","30574","used","havenfall/original-story/index.html",""
"havenfall/original-story","h4.png","340351","used","havenfall/original-story/index.html",""
"havenfall/original-story","h5.webp","132962","used","havenfall/original-story/index.html",""
"havenfall/original-story","h6.png","23624","unused","","moved to _unused-images-removed"
"havenfall/original-story","h6.webp","66588","used","havenfall/original-story/Havenfall-chapter2.html",""
"havenfall/original-story","h7.png","25829","used","havenfall/original-story/index.html",""
"havenfall/original-story","h7.webp","45016","used","havenfall/original-story/Havenfall-chapter5.html",""
"havenfall/original-story","h8.webp","77818","used","havenfall/original-story/Havenfall-chapter2.html",""
"havenfall/original-story","h9.webp","66150","used","havenfall/original-story/Havenfall-chapter6.html",""
"havenfall/original-story","havenfall-cover.png","1648233","unused","","moved to _unused-images-removed"
"havenfall/original-story","havenfall-cover.webp","135712","used","havenfall/original-story/Havenfall-chapter2.html",""
"havenfall/original-story","havenfall-og.webp","184032","used","havenfall/original-story/Havenfall-chapter2.html",""
"havenfall/original-story","hb1.png","12257","unused","","moved to _unused-images-removed"
"havenfall/original-story","hblack1.png","262970","used","havenfall/original-story/Havenfall-chapter8.html",""
"havenfall/original-story","hblack2.png","197736","unused","","moved to _unused-images-removed"
"havenfall/original-story","hbr1.webp","43286","used","havenfall/original-story/Havenfall-chapter4.html",""
"havenfall/original-story","hcorn.webp","43440","unused","","moved to _unused-images-removed"
"havenfall/original-story","hcorn2.webp","61976","unused","","moved to _unused-images-removed"
"havenfall/original-story","hcorn3.webp","64992","used","havenfall/original-story/Havenfall-chapter5.html",""
"havenfall/original-story","hcover.webp","127804","used","havenfall/original-story/index.html",""
"havenfall/original-story","hfooter.jpg","4491","unused","","moved to _unused-images-removed"
"havenfall/original-story","hfooter1.png","26958","used","havenfall/original-story/Havenfall-chapter2.html",""
"havenfall/original-story","hgreen1.webp","1650926","unused","","moved to _unused-images-removed"
"havenfall/original-story","hgreen2.webp","1216146","used","havenfall/original-story/Havenfall-chapter3.html",""
"havenfall/original-story","hking.png","433842","used","havenfall/original-story/Havenfall-chapter5.html",""
"havenfall/original-story","hking.webp","60220","used","havenfall/original-story/Havenfall-chapter5.html",""
"havenfall/original-story","hl1.webp","188058","unused","","moved to _unused-images-removed"
"havenfall/original-story","hl2.webp","173930","used","havenfall/original-story/Havenfall-chapter3.html",""
"havenfall/original-story","hl4.webp","122842","used","havenfall/original-story/Havenfall-chapter7.html",""
"havenfall/original-story","hl5.webp","117630","used","havenfall/original-story/Havenfall-chapter7.html",""
"havenfall/original-story","hl6.webp","114402","used","havenfall/original-story/Havenfall-chapter7.html",""
"havenfall/original-story","hmorn1.png","227179","used","havenfall/original-story/Havenfall-chapter5.html",""
"havenfall/original-story","hmorn2.png","215264","used","havenfall/original-story/Havenfall-chapter5.html",""
"havenfall/original-story","hmorning.png","247863","unused","","moved to _unused-images-removed"
"havenfall/original-story","hnight1.webp","26264","used","havenfall/original-story/Havenfall-chapter7.html",""
"havenfall/original-story","hnight10.webp","100370","used","havenfall/original-story/Havenfall-chapter7.html",""
"havenfall/original-story","hnight3.png","699547","used","havenfall/original-story/Havenfall-chapter2.html",""
"havenfall/original-story","hnight4.webp","19914","used","havenfall/original-story/Havenfall-chapter4.html",""
"havenfall/original-story","hnight6.webp","40792","used","havenfall/original-story/Havenfall-chapter6.html",""
"havenfall/original-story","hnight7.webp","75756","used","havenfall/original-story/Havenfall-chapter6.html",""
"havenfall/original-story","hnight8.webp","7242","used","havenfall/original-story/Havenfall-chapter6.html",""
"havenfall/original-story","hnight9.webp","40180","used","havenfall/original-story/Havenfall-chapter7.html",""
"havenfall/original-story","home (1).png","14140","used","havenfall/original-story/Havenfall-chapter2.html",""
"havenfall/original-story","home-icon.png","4582","used","havenfall/original-story/Havenfall-chapter2.html",""
"havenfall/original-story","hp1.png","21453","used","havenfall/original-story/Havenfall-chapter6.html",""
"havenfall/original-story","hsky.png","350430","used","havenfall/original-story/Havenfall-chapter4.html",""
"havenfall/original-story","hsky.webp","127914","used","havenfall/original-story/Havenfall-chapter5.html",""
"havenfall/original-story","hsky2.png","162421","used","havenfall/original-story/Havenfall-chapter4.html",""
"havenfall/original-story","hsky2.webp","166822","unused","","moved to _unused-images-removed"
"havenfall/original-story","hsky3.webp","169176","used","havenfall/original-story/Havenfall-chapter5.html",""
"havenfall/original-story","hsky4.webp","115110","used","havenfall/original-story/Havenfall-chapter6.html",""
"havenfall/original-story","hsky9.webp","56634","used","havenfall/original-story/Havenfall-chapter6.html",""
"havenfall/original-story","hsun1.webp","318458","used","havenfall/original-story/Havenfall-chapter3.html",""
"havenfall/original-story","hsun3.webp","575812","used","havenfall/original-story/Havenfall-chapter3.html",""
"havenfall/original-story","hsun4.webp","14888","used","havenfall/original-story/Havenfall-chapter5.html",""
"havenfall/original-story","hsun6.webp","110886","used","havenfall/original-story/Havenfall-chapter5.html",""
"havenfall/original-story","hsun7.png","886948","used","havenfall/original-story/Havenfall-chapter6.html",""
"havenfall/original-story","hsun8.webp","290272","used","havenfall/original-story/Havenfall-chapter7.html",""
"havenfall/original-story","levi.webp","56586","unused","","moved to _unused-images-removed"
"havenfall/original-story","map (1).png","12894","used","havenfall/original-story/Havenfall-chapter2.html",""
"havenfall/original-story","matt.webp","53148","used","havenfall/original-story/havenfall-character-aleister.html",""
"havenfall/original-story","mavis.webp","88594","used","havenfall/original-story/havenfall-character-aleister.html",""
"havenfall/original-story","menu.png","2417","used","havenfall/original-story/Havenfall-chapter2.html",""
"havenfall/original-story","next.png","4276","unused","","moved to _unused-images-removed"
"havenfall/original-story","nova.webp","74936","used","havenfall/original-story/havenfall-character-aleister.html",""
"havenfall/original-story","r2.webp","119542","unused","","moved to _unused-images-removed"
"havenfall/original-story","rb4.webp","42828","used","havenfall/original-story/Havenfall-chapter6.html",""
"havenfall/original-story","seaside.webp","595034","unused","","moved to _unused-images-removed"
"havenfall/original-story","seaside2.webp","445170","used","havenfall/original-story/Havenfall-chapter4.html",""
"havenfall/original-story","seaside3.webp","204658","used","havenfall/original-story/Havenfall-chapter4.html",""
"havenfall/original-story","share.png","14937","used","havenfall/original-story/Havenfall-chapter2.html",""
"havenfall/original-story","simon.webp","60542","used","havenfall/original-story/havenfall-character-aleister.html",""
"havenfall/original-story","victor.webp","40340","used","havenfall/original-story/havenfall-character-aleister.html",""
"havenfall/sevensteps","afooter1.jpg","5801","used","havenfall/sevensteps/index.html",""
"havenfall/sevensteps","anonymous (1).png","8706","used","havenfall/sevensteps/index.html",""
"havenfall/sevensteps","asun6.webp","20850","used","havenfall/sevensteps/index.html",""
"havenfall/sevensteps","bhc35.webp","10560","used","havenfall/sevensteps/index.html",""
"havenfall/sevensteps","bhc39.webp","32850","used","havenfall/sevensteps/index.html",""
"havenfall/sevensteps","bhc47.webp","25366","used","havenfall/sevensteps/index.html",""
"havenfall/sevensteps","bhc53.webp","14072","used","havenfall/sevensteps/index.html",""
"havenfall/sevensteps","bhsun.webp","148280","used","havenfall/sevensteps/index.html",""
"havenfall/sevensteps","c1.webp","73034","used","havenfall/sevensteps/index.html",""
"havenfall/sevensteps","c2.webp","16926","used","havenfall/sevensteps/sevensteps-chapter2.html",""
"havenfall/sevensteps","chapter (1).png","10496","used","havenfall/sevensteps/index.html",""
"havenfall/sevensteps","hking.webp","60220","used","havenfall/sevensteps/index.html",""
"havenfall/sevensteps","hnight1.webp","26264","used","havenfall/sevensteps/sevensteps-chapter2.html",""
"havenfall/sevensteps","home (1).png","14140","used","havenfall/sevensteps/index.html",""
"havenfall/sevensteps","home-icon.png","4582","used","havenfall/sevensteps/index.html",""
"havenfall/sevensteps","map (1).png","12894","used","havenfall/sevensteps/index.html",""
"havenfall/sevensteps","menu.png","2417","used","havenfall/sevensteps/index.html",""
"havenfall/sevensteps","s1.jpg","24595","used","havenfall/sevensteps/index.html",""
"havenfall/sevensteps","s2.webp","26900","used","havenfall/sevensteps/sevensteps-chapter2.html",""
"havenfall/sevensteps","s3.jpg","71371","used","havenfall/sevensteps/sevensteps-chapter2.html",""
"havenfall/sevensteps","sevensteps-cover.webp","57440","used","havenfall/sevensteps/index.html",""
"havenfall/sevensteps","sevensteps-og.webp","154396","used","havenfall/sevensteps/index.html",""
"havenfall/sevensteps","share.png","14937","used","havenfall/sevensteps/index.html",""
"havenfall-blogs/page-2","aboutwhite.png","22721","used","havenfall-blogs/page-2/harticle-10.html",""
"havenfall-blogs/page-2","amanda.webp","52022","used","havenfall-blogs/page-2/page2.html",""
"havenfall-blogs/page-2","angelsnotes-cover.webp","93790","used","havenfall-blogs/page-2/harticle-10.html",""
"havenfall-blogs/page-2","anonymous-white.png","15851","used","havenfall-blogs/page-2/harticle-10.html",""
"havenfall-blogs/page-2","band.webp","163234","used","havenfall-blogs/page-2/page2.html",""
"havenfall-blogs/page-2","behindthecurse-cover.webp","114622","used","havenfall-blogs/page-2/harticle-10.html",""
"havenfall-blogs/page-2","bewitchinggirl.webp","68464","used","havenfall-blogs/page-2/harticle-10.html",""
"havenfall-blogs/page-2","birdshugs-cover.webp","43718","used","havenfall-blogs/page-2/harticle-10.html",""
"havenfall-blogs/page-2","blog.png","12264","used","havenfall-blogs/page-2/harticle-10.html",""
"havenfall-blogs/page-2","bluelogo.png","30083","used","havenfall-blogs/page-2/harticle-10.html",""
"havenfall-blogs/page-2","bluelogo2.png","50806","used","havenfall-blogs/page-2/harticle-10.html",""
"havenfall-blogs/page-2","boba.webp","122350","used","havenfall-blogs/page-2/harticle-11.html",""
"havenfall-blogs/page-2","charisma.webp","51862","used","havenfall-blogs/page-2/harticle-10.html",""
"havenfall-blogs/page-2","daggeroflight-cover.webp","134236","unused","","moved to _unused-images-removed"
"havenfall-blogs/page-2","deardiary-cover.webp","79420","used","havenfall-blogs/page-2/harticle-10.html",""
"havenfall-blogs/page-2","dopestylelogo.webp","163320","used","havenfall-blogs/page-2/page2.html",""
"havenfall-blogs/page-2","down.png","5078","used","havenfall-blogs/page-2/harticle-10.html",""
"havenfall-blogs/page-2","entity.webp","10808","unused","","moved to _unused-images-removed"
"havenfall-blogs/page-2","eye1.jpg","60319","unused","","moved to _unused-images-removed"
"havenfall-blogs/page-2","eye1.webp","105604","used","havenfall-blogs/page-2/harticle-10.html",""
"havenfall-blogs/page-2","fairy-talewhite.png","20224","used","havenfall-blogs/page-2/harticle-10.html",""
"havenfall-blogs/page-2","fakecrime.webp","40624","used","havenfall-blogs/page-2/harticle-7.html",""
"havenfall-blogs/page-2","favicon.png","2818","used","havenfall-blogs/page-2/page2.html",""
"havenfall-blogs/page-2","freezeday.webp","128568","used","havenfall-blogs/page-2/page2.html",""
"havenfall-blogs/page-2","future.webp","23960","used","havenfall-blogs/page-2/harticle-6.html",""
"havenfall-blogs/page-2","goth.webp","83594","used","havenfall-blogs/page-2/page2.html",""
"havenfall-blogs/page-2","hamburger.png","4625","used","havenfall-blogs/page-2/harticle-10.html",""
"havenfall-blogs/page-2","havenfall-cover.webp","135712","used","havenfall-blogs/page-2/harticle-10.html",""
"havenfall-blogs/page-2","heart.webp","33000","used","havenfall-blogs/page-2/page2.html",""
"havenfall-blogs/page-2","jewelry.webp","76114","used","havenfall-blogs/page-2/page2.html",""
"havenfall-blogs/page-2","kidney.webp","38800","used","havenfall-blogs/page-2/harticle-9.html",""
"havenfall-blogs/page-2","left-arrow.png","10972","used","havenfall-blogs/page-2/harticle-10.html",""
"havenfall-blogs/page-2","letheprofile.png","2018738","used","havenfall-blogs/page-2/page2.html",""
"havenfall-blogs/page-2","lovers.webp","51268","used","havenfall-blogs/page-2/page2.html",""
"havenfall-blogs/page-2","mayor.jpg","134696","used","havenfall-blogs/page-2/page2.html",""
"havenfall-blogs/page-2","nemxnovels-og.webp","116512","used","havenfall-blogs/page-2/page2.html",""
"havenfall-blogs/page-2","newspaper-folderwhite.png","13655","used","havenfall-blogs/page-2/harticle-10.html",""
"havenfall-blogs/page-2","nn-logo.png","43585","used","havenfall-blogs/page-2/harticle-10.html",""
"havenfall-blogs/page-2","occultarcana-cover.webp","79854","used","havenfall-blogs/page-2/harticle-10.html",""
"havenfall-blogs/page-2","panty.webp","59598","used","havenfall-blogs/page-2/page2.html",""
"havenfall-blogs/page-2","raphaasylum-cover.webp","127460","used","havenfall-blogs/page-2/harticle-10.html",""
"havenfall-blogs/page-2","ravenport-cover.webp","77620","used","havenfall-blogs/page-2/harticle-10.html",""
"havenfall-blogs/page-2","right-arrow-white.png","15661","used","havenfall-blogs/page-2/harticle-10.html",""
"havenfall-blogs/page-2","scorpio.webp","90542","used","havenfall-blogs/page-2/page2.html",""
"havenfall-blogs/page-2","sevensteps-cover.webp","57440","used","havenfall-blogs/page-2/harticle-10.html",""
"havenfall-blogs/page-2","shadow.webp","102512","used","havenfall-blogs/page-2/harticle-5.html",""
"havenfall-blogs/page-2","someonewhostays-cover.webp","59202","used","havenfall-blogs/page-2/harticle-10.html",""
"havenfall-blogs/page-2","takeit.webp","85878","used","havenfall-blogs/page-2/page2.html",""
"havenfall-blogs/page-2","tall.webp","84476","used","havenfall-blogs/page-2/page2.html",""
"havenfall-blogs/page-2","time.webp","73672","used","havenfall-blogs/page-2/page2.html",""
"havenfall-blogs/page-2","uniletter.webp","34954","used","havenfall-blogs/page-2/harticle-8.html",""
"havenfall-blogs/page-2","up.png","5002","used","havenfall-blogs/page-2/harticle-10.html",""
"havenfall-blogs/page-2","videosblak.png","26900","used","havenfall-blogs/page-2/harticle-10.html",""
"havenfall-blogs/page-2","wall3.webp","68134","used","havenfall-blogs/page-2/harticle-10.html",""
"havenfall-blogs/page-2","zeke.webp","54426","used","havenfall-blogs/page-2/page2.html",""
"havenfall-blogs/page-3","aboutwhite.png","22721","used","havenfall-blogs/page-3/harticle-12.html",""
"havenfall-blogs/page-3","actor.webp","79782","unused","","moved to _unused-images-removed"
"havenfall-blogs/page-3","amanda.webp","52022","used","havenfall-blogs/page-3/page3.html",""
"havenfall-blogs/page-3","angelsnotes-cover.webp","93790","used","havenfall-blogs/page-3/harticle-12.html",""
"havenfall-blogs/page-3","anonymous-white.png","15851","used","havenfall-blogs/page-3/harticle-12.html",""
"havenfall-blogs/page-3","baby.webp","76280","used","havenfall-blogs/page-3/page3.html",""
"havenfall-blogs/page-3","behindthecurse-cover.webp","114622","used","havenfall-blogs/page-3/harticle-12.html",""
"havenfall-blogs/page-3","bewitchinggirl.webp","68464","used","havenfall-blogs/page-3/harticle-12.html",""
"havenfall-blogs/page-3","birdshugs-cover.webp","43718","used","havenfall-blogs/page-3/harticle-12.html",""
"havenfall-blogs/page-3","blacktemp.png","1663824","unused","","moved to _unused-images-removed"
"havenfall-blogs/page-3","blacktemp.webp","99672","unused","","moved to _unused-images-removed"
"havenfall-blogs/page-3","blog.png","12264","used","havenfall-blogs/page-3/harticle-12.html",""
"havenfall-blogs/page-3","bluelogo.png","30083","used","havenfall-blogs/page-3/harticle-12.html",""
"havenfall-blogs/page-3","bluelogo2.png","50806","used","havenfall-blogs/page-3/harticle-12.html",""
"havenfall-blogs/page-3","boss.webp","40412","unused","","moved to _unused-images-removed"
"havenfall-blogs/page-3","btccircle.webp","131170","unused","","moved to _unused-images-removed"
"havenfall-blogs/page-3","church.webp","77134","used","havenfall-blogs/page-3/harticle-13.html",""
"havenfall-blogs/page-3","condoms.webp","75090","unused","","moved to _unused-images-removed"
"havenfall-blogs/page-3","daggeroflight-cover.webp","134236","unused","","moved to _unused-images-removed"
"havenfall-blogs/page-3","date.webp","68138","unused","","moved to _unused-images-removed"
"havenfall-blogs/page-3","deardiary-cover.webp","79420","used","havenfall-blogs/page-3/harticle-12.html",""
"havenfall-blogs/page-3","dogs.webp","89958","used","havenfall-blogs/page-3/page3.html",""
"havenfall-blogs/page-3","down.png","5078","used","havenfall-blogs/page-3/harticle-12.html",""
"havenfall-blogs/page-3","electrician.webp","78146","unused","","moved to _unused-images-removed"
"havenfall-blogs/page-3","entity.webp","10808","unused","","moved to _unused-images-removed"
"havenfall-blogs/page-3","eve.webp","33606","unused","","moved to _unused-images-removed"
"havenfall-blogs/page-3","eye1.jpg","60319","unused","","moved to _unused-images-removed"
"havenfall-blogs/page-3","eye1.webp","105604","used","havenfall-blogs/page-3/harticle-12.html",""
"havenfall-blogs/page-3","fairy-talewhite.png","20224","used","havenfall-blogs/page-3/harticle-12.html",""
"havenfall-blogs/page-3","favicon.png","2818","used","havenfall-blogs/page-3/page3.html",""
"havenfall-blogs/page-3","forever.webp","5306","used","havenfall-blogs/page-3/harticle-15.html",""
"havenfall-blogs/page-3","freezeday.webp","128568","unused","","moved to _unused-images-removed"
"havenfall-blogs/page-3","gang.webp","106154","unused","","moved to _unused-images-removed"
"havenfall-blogs/page-3","gothculture.webp","51476","used","havenfall-blogs/page-3/page3.html",""
"havenfall-blogs/page-3","halloween1.webp","78046","unused","","moved to _unused-images-removed"
"havenfall-blogs/page-3","hamburger.png","4625","used","havenfall-blogs/page-3/harticle-12.html",""
"havenfall-blogs/page-3","havenfall-cover.webp","135712","used","havenfall-blogs/page-3/harticle-12.html",""
"havenfall-blogs/page-3","image-1.jpg","70461","used","havenfall-blogs/page-3/page3.html",""
"havenfall-blogs/page-3","image-13.webp","71834","used","havenfall-blogs/page-3/page3.html",""
"havenfall-blogs/page-3","image-15.webp","84222","used","havenfall-blogs/page-3/page3.html",""
"havenfall-blogs/page-3","image-18.jpg","29968","used","havenfall-blogs/page-3/page3.html",""
"havenfall-blogs/page-3","image-2.jpg","67903","used","havenfall-blogs/page-3/page3.html",""
"havenfall-blogs/page-3","image-3.webp","52854","used","havenfall-blogs/page-3/page3.html",""
"havenfall-blogs/page-3","image-8.webp","101648","used","havenfall-blogs/page-3/page3.html",""
"havenfall-blogs/page-3","image-9.webp","66362","used","havenfall-blogs/page-3/page3.html",""
"havenfall-blogs/page-3","imdepressed.webp","44558","used","havenfall-blogs/page-3/page3.html",""
"havenfall-blogs/page-3","invites.webp","139064","unused","","moved to _unused-images-removed"
"havenfall-blogs/page-3","jobs.jpg","96531","unused","","moved to _unused-images-removed"
"havenfall-blogs/page-3","jobs.webp","81196","unused","","moved to _unused-images-removed"
"havenfall-blogs/page-3","learners.webp","118738","unused","","moved to _unused-images-removed"
"havenfall-blogs/page-3","left-arrow.png","10972","used","havenfall-blogs/page-3/harticle-12.html",""
"havenfall-blogs/page-3","letheprofile.png","2018738","used","havenfall-blogs/page-3/page3.html",""
"havenfall-blogs/page-3","magazine.webp","139050","unused","","moved to _unused-images-removed"
"havenfall-blogs/page-3","missile.webp","45174","used","havenfall-blogs/page-3/page3.html",""
"havenfall-blogs/page-3","musicboy.webp","90400","used","havenfall-blogs/page-3/harticle-16.html",""
"havenfall-blogs/page-3","musiccope.webp","47892","used","havenfall-blogs/page-3/harticle-14.html",""
"havenfall-blogs/page-3","mustang.webp","73596","used","havenfall-blogs/page-3/page3.html",""
"havenfall-blogs/page-3","neck.webp","47674","used","havenfall-blogs/page-3/page3.html",""
"havenfall-blogs/page-3","nemxnovels-og.webp","116512","used","havenfall-blogs/page-3/page3.html",""
"havenfall-blogs/page-3","newspaper-folderwhite.png","13655","used","havenfall-blogs/page-3/harticle-12.html",""
"havenfall-blogs/page-3","nn-logo.png","43585","used","havenfall-blogs/page-3/harticle-12.html",""
"havenfall-blogs/page-3","occultarcana-cover.webp","79854","used","havenfall-blogs/page-3/harticle-12.html",""
"havenfall-blogs/page-3","randell.webp","60050","unused","","moved to _unused-images-removed"
"havenfall-blogs/page-3","raphaasylum-cover.webp","127460","used","havenfall-blogs/page-3/harticle-12.html",""
"havenfall-blogs/page-3","rapper.webp","127114","unused","","moved to _unused-images-removed"
"havenfall-blogs/page-3","ravenport-cover.webp","77620","used","havenfall-blogs/page-3/harticle-12.html",""
"havenfall-blogs/page-3","ravenportog.webp","133362","unused","","moved to _unused-images-removed"
"havenfall-blogs/page-3","realestate.webp","99824","used","havenfall-blogs/page-3/harticle-12.html",""
"havenfall-blogs/page-3","religion.webp","81412","used","havenfall-blogs/page-3/page3.html",""
"havenfall-blogs/page-3","right-arrow-white.png","15661","used","havenfall-blogs/page-3/harticle-12.html",""
"havenfall-blogs/page-3","rules.jpg","39038","unused","","moved to _unused-images-removed"
"havenfall-blogs/page-3","sevensteps-cover.webp","57440","used","havenfall-blogs/page-3/harticle-12.html",""
"havenfall-blogs/page-3","sheloves.webp","74858","used","havenfall-blogs/page-3/page3.html",""
"havenfall-blogs/page-3","someonewhostays-cover.webp","59202","used","havenfall-blogs/page-3/harticle-12.html",""
"havenfall-blogs/page-3","spy.png","1458601","unused","","moved to _unused-images-removed"
"havenfall-blogs/page-3","spy.webp","60074","unused","","moved to _unused-images-removed"
"havenfall-blogs/page-3","up.png","5002","used","havenfall-blogs/page-3/harticle-12.html",""
"havenfall-blogs/page-3","videosblak.png","26900","used","havenfall-blogs/page-3/harticle-12.html",""
"havenfall-blogs/page-3","wall3.webp","57146","used","havenfall-blogs/page-3/harticle-12.html",""
"havenfall-blogs/page-3","wives.webp","80346","unused","","moved to _unused-images-removed"
"havenfall-blogs/page-3","zeke.webp","54426","used","havenfall-blogs/page-3/page3.html",""
"news","0.1love.webp","58444","used","news/news-19.html",""
"news","BoH.webp","245072","unused","","moved to _unused-images-removed"
"news","EE.jpg","52292","unused","","moved to _unused-images-removed"
"news","Fat.jpg","72375","unused","","moved to _unused-images-removed"
"news","Mine.webp","275254","unused","","moved to _unused-images-removed"
"news","WelcomeRVP.jpg","177130","unused","","moved to _unused-images-removed"
"news","about.png","14954","unused","","moved to _unused-images-removed"
"news","aboutcontrnt5.png","913956","unused","","moved to _unused-images-removed"
"news","aboutmain.png","1394996","unused","","moved to _unused-images-removed"
"news","aboutmain2.png","2072849","unused","","moved to _unused-images-removed"
"news","aboutpic.png","1398464","unused","","moved to _unused-images-removed"
"news","aboutwhite.png","22721","used","news/haven-news-page-2.html",""
"news","agents.webp","47334","used","news/haven-news-page-2.html",""
"news","aliens.webp","36008","used","news/news-27.html",""
"news","amanda.png","1409596","unused","","moved to _unused-images-removed"
"news","amanda.webp","52022","unused","","moved to _unused-images-removed"
"news","amandaquote.jpg","125736","unused","","moved to _unused-images-removed"
"news","amonaly.jpg","118153","unused","","moved to _unused-images-removed"
"news","anc1s1.webp","63638","unused","","moved to _unused-images-removed"
"news","anc1s2.webp","30764","unused","","moved to _unused-images-removed"
"news","anc1s3.webp","30218","unused","","moved to _unused-images-removed"
"news","anc2s1.webp","36882","unused","","moved to _unused-images-removed"
"news","anc2s2.webp","74744","unused","","moved to _unused-images-removed"
"news","anc2s3.webp","46562","unused","","moved to _unused-images-removed"
"news","angelsnotes-cover.webp","93790","used","news/haven-news-page-2.html",""
"news","anonymous (1).png","8706","unused","","moved to _unused-images-removed"
"news","anonymous-white.png","15851","used","news/haven-news-page-2.html",""
"news","archive-silion.webp","39200","unused","","moved to _unused-images-removed"
"news","awaken.webp","66032","used","news/haven-news-page-2.html",""
"news","backnforth-cover.webp","37402","used","news/haven-news-page-2.html",""
"news","bdsm.webp","61548","used","news/news-25.html",""
"news","bear.webp","34986","used","news/haven-news-page-2.html",""
"news","behindthecurse-cover.webp","114622","used","news/haven-news-page-2.html",""
"news","bewitchinggirl.webp","68464","used","news/haven-news-page-2.html",""
"news","bikers.webp","99342","used","news/haven-news-page-2.html",""
"news","birdshugs-cover.webp","43718","used","news/haven-news-page-2.html",""
"news","blacktemplar.webp","96974","unused","","moved to _unused-images-removed"
"news","blog.png","12264","used","news/haven-news-page-2.html",""
"news","blogwhite7.png","19739","used","news/haven-news-page-2.html",""
"news","blood-rain.png","1257806","unused","","moved to _unused-images-removed"
"news","bluelogo.png","30083","used","news/haven-news-page-2.html",""
"news","bluelogo2.png","50806","used","news/haven-news-page-2.html",""
"news","book.png","8329","unused","","moved to _unused-images-removed"
"news","bookwhite.png","16132","unused","","moved to _unused-images-removed"
"news","cannon.jpg","61187","unused","","moved to _unused-images-removed"
"news","carg.webp","106350","unused","","moved to _unused-images-removed"
"news","cemetery.jpg","62611","unused","","moved to _unused-images-removed"
"news","chapter.png","11362","unused","","moved to _unused-images-removed"
"news","clapperboard.png","9976","unused","","moved to _unused-images-removed"
"news","clapperboardwhite.png","20091","unused","","moved to _unused-images-removed"
"news","company.webp","56340","used","news/haven-news-page-2.html",""
"news","confidential-profile.png","426609","unused","","moved to _unused-images-removed"
"news","confidential.png","542226","unused","","moved to _unused-images-removed"
"news","cuddling.webp","49294","used","news/haven-news-page-2.html",""
"news","curse-verse01.png","2510177","unused","","moved to _unused-images-removed"
"news","daggeroflight-cover.webp","134236","unused","","moved to _unused-images-removed"
"news","danielj.webp","121950","unused","","moved to _unused-images-removed"
"news","deardiary-cover.webp","79420","used","news/haven-news-page-2.html",""
"news","death.webp","29692","used","news/news-18.html",""
"news","dental.webp","65514","used","news/haven-news-page-2.html",""
"news","down.png","5078","used","news/haven-news-page-2.html",""
"news","dream-log01.png","2475381","unused","","moved to _unused-images-removed"
"news","drugl.webp","68398","unused","","moved to _unused-images-removed"
"news","drunk.webp","109770","unused","","moved to _unused-images-removed"
"news","emilyletter.webp","193692","unused","","moved to _unused-images-removed"
"news","entity.webp","10808","unused","","moved to _unused-images-removed"
"news","evidence.webp","130358","used","news/news-17.html",""
"news","eye.jpg","36388","unused","","moved to _unused-images-removed"
"news","eye1.jpg","60319","unused","","moved to _unused-images-removed"
"news","eye1.webp","105604","used","news/haven-news-page-2.html",""
"news","fairy-tale.png","10983","unused","","moved to _unused-images-removed"
"news","fairy-talewhite.png","20224","used","news/haven-news-page-2.html",""
"news","favicon.png","2818","used","news/haven-news-page-2.html",""
"news","footerimag1.png","1395139","unused","","moved to _unused-images-removed"
"news","footerimag2.png","1626016","unused","","moved to _unused-images-removed"
"news","footerimag3.png","1553353","unused","","moved to _unused-images-removed"
"news","footerimage.png","633690","unused","","moved to _unused-images-removed"
"news","footerimage4.png","3597873","unused","","moved to _unused-images-removed"
"news","fourthfloor.webp","68132","used","news/news-20.html",""
"news","freelife.webp","58876","used","news/haven-news-page-2.html",""
"news","guns.webp","45744","used","news/haven-news-page-2.html",""
"news","hamburger.png","4625","used","news/haven-news-page-2.html",""
"news","harticle-1.webp","109608","unused","","moved to _unused-images-removed"
"news","harticle-2.webp","16284","unused","","moved to _unused-images-removed"
"news","harticle-3.webp","85978","unused","","moved to _unused-images-removed"
"news","harticle-4.webp","314176","unused","","moved to _unused-images-removed"
"news","haunt.webp","103116","used","news/news-21.html",""
"news","havenfall-cover.png","1648233","unused","","moved to _unused-images-removed"
"news","havenfall-cover.webp","135712","used","news/haven-news-page-2.html",""
"news","havenfall-icon.png","172894","used","news/haven-news-page-2.html",""
"news","havenfall-news.webp","28504","used","news/haven-news-page-2.html",""
"news","hblog-1.webp","163496","unused","","moved to _unused-images-removed"
"news","hblog-10.webp","49454","unused","","moved to _unused-images-removed"
"news","hblog-11.webp","110722","unused","","moved to _unused-images-removed"
"news","hblog-12.webp","155790","unused","","moved to _unused-images-removed"
"news","hblog-13.webp","121306","unused","","moved to _unused-images-removed"
"news","hblog-14.webp","128330","unused","","moved to _unused-images-removed"
"news","hblog-2.webp","245658","unused","","moved to _unused-images-removed"
"news","hblog-3.webp","62808","unused","","moved to _unused-images-removed"
"news","hblog-4.webp","26434","unused","","moved to _unused-images-removed"
"news","hblog-5.webp","73564","unused","","moved to _unused-images-removed"
"news","hblog-6.webp","82338","unused","","moved to _unused-images-removed"
"news","hblog-7.jpg","65257","unused","","moved to _unused-images-removed"
"news","hblog-8.webp","199382","unused","","moved to _unused-images-removed"
"news","hblog-9.webp","57054","unused","","moved to _unused-images-removed"
"news","heartless.webp","33642","used","news/haven-news-page-2.html",""
"news","heavystorm.jpg","95808","used","news/news-16.html",""
"news","heroclean.png","1279912","unused","","moved to _unused-images-removed"
"news","heroclean1.png","1425443","unused","","moved to _unused-images-removed"
"news","heroclean1.webp","65502","unused","","moved to _unused-images-removed"
"news","heropic.png","1226879","unused","","moved to _unused-images-removed"
"news","herowhite.png","1213871","unused","","moved to _unused-images-removed"
"news","herowhite2.png","1354067","unused","","moved to _unused-images-removed"
"news","hnews1.webp","62632","unused","","moved to _unused-images-removed"
"news","hnews10.webp","4500","unused","","moved to _unused-images-removed"
"news","hnews11.webp","26746","unused","","moved to _unused-images-removed"
"news","hnews12.webp","74864","unused","","moved to _unused-images-removed"
"news","hnews13.webp","142438","unused","","moved to _unused-images-removed"
"news","hnews14.webp","97218","unused","","moved to _unused-images-removed"
"news","hnews15.webp","119458","unused","","moved to _unused-images-removed"
"news","hnews2.webp","35048","unused","","moved to _unused-images-removed"
"news","hnews3.webp","50658","unused","","moved to _unused-images-removed"
"news","hnews4.webp","80376","unused","","moved to _unused-images-removed"
"news","hnews5.webp","61504","unused","","moved to _unused-images-removed"
"news","hnews6.webp","62940","unused","","moved to _unused-images-removed"
"news","hnews7.webp","28970","unused","","moved to _unused-images-removed"
"news","hnews8.webp","76348","unused","","moved to _unused-images-removed"
"news","hnews9.webp","171626","unused","","moved to _unused-images-removed"
"news","home-icon.png","4582","unused","","moved to _unused-images-removed"
"news","immortal.png","3317596","used","news/video-details-hover.js",""
"news","jessies.webp","72298","unused","","moved to _unused-images-removed"
"news","lack.webp","27334","used","news/news-23.html",""
"news","lanaho.webp","39378","used","news/news-26.html",""
"news","law2.png","404869","unused","","moved to _unused-images-removed"
"news","lawn.webp","92812","used","news/news-24.html",""
"news","left-arrow-white.png","16235","unused","","moved to _unused-images-removed"
"news","left-arrow.png","10972","used","news/hnews-16.html",""
"news","letheprofile.png","2018738","unused","","moved to _unused-images-removed"
"news","log1.png","1316007","unused","","moved to _unused-images-removed"
"news","log2.webp","75958","unused","","moved to _unused-images-removed"
"news","log3.webp","75900","unused","","moved to _unused-images-removed"
"news","map.png","4081024","unused","","moved to _unused-images-removed"
"news","marriage.jpg","65715","unused","","moved to _unused-images-removed"
"news","military-closure.webp","146168","unused","","moved to _unused-images-removed"
"news","motelbloodbath-cover.webp","107570","used","news/haven-news-page-2.html",""
"news","movie.webp","47852","unused","","moved to _unused-images-removed"
"news","mps.webp","54032","unused","","moved to _unused-images-removed"
"news","mrted.webp","21494","unused","","moved to _unused-images-removed"
"news","mrted2.webp","135502","unused","","moved to _unused-images-removed"
"news","mycroft.png","1677377","unused","","moved to _unused-images-removed"
"news","myheart.jpg","89804","unused","","moved to _unused-images-removed"
"news","mystical.png","2022063","unused","","moved to _unused-images-removed"
"news","mystical2.webp","159810","unused","","moved to _unused-images-removed"
"news","nemx.png","1216261","unused","","moved to _unused-images-removed"
"news","nemxnovels-about-og.webp","164874","unused","","moved to _unused-images-removed"
"news","nemxnovels-news-og.webp","110356","used","news/haven-news-page-2.html",""
"news","nemxnovels-og.webp","116512","unused","","moved to _unused-images-removed"
"news","nemxnovels-profile-og.webp","129860","unused","","moved to _unused-images-removed"
"news","nemxnovels-stories-og.webp","137724","unused","","moved to _unused-images-removed"
"news","nemxnovels-videos-og.webp","133362","unused","","moved to _unused-images-removed"
"news","nemxnovels.png","7610","unused","","moved to _unused-images-removed"
"news","news-silion.png","73482","unused","","moved to _unused-images-removed"
"news","news.png","14460","unused","","moved to _unused-images-removed"
"news","newspaper-folded.png","5395","used","news/haven-news-page-2.html",""
"news","newspaper-folderwhite.png","13655","used","news/haven-news-page-2.html",""
"news","newswhite.png","20476","unused","","moved to _unused-images-removed"
"news","nn-logo.png","43585","used","news/haven-news-page-2.html",""
"news","objects.png","8401","unused","","moved to _unused-images-removed"
"news","occultarcana-cover.webp","79854","used","news/haven-news-page-2.html",""
"news","og-image.png","1213832","unused","","moved to _unused-images-removed"
"news","paradise.webp","64100","used","news/haven-news-page-2.html",""
"news","partners.webp","85020","unused","","moved to _unused-images-removed"
"news","patrollers.webp","90578","unused","","moved to _unused-images-removed"
"news","phoneban.jpg","78126","unused","","moved to _unused-images-removed"
"news","post1.jpg","620644","unused","","moved to _unused-images-removed"
"news","post2.jpg","132012","unused","","moved to _unused-images-removed"
"news","promeriddle.png","606211","unused","","moved to _unused-images-removed"
"news","prometheuslogo.png","377804","unused","","moved to _unused-images-removed"
"news","quill.png","8774","unused","","moved to _unused-images-removed"
"news","quillwhite.png","15990","unused","","moved to _unused-images-removed"
"news","raphaasylum-cover.webp","127460","used","news/haven-news-page-2.html",""
"news","ravenport-cover.png","785686","unused","","moved to _unused-images-removed"
"news","ravenport-cover.webp","77620","used","news/haven-news-page-2.html",""
"news","ravenport-icon.png","66925","used","news/haven-news-page-2.html",""
"news","ravenport-news.webp","19988","used","news/news-page-2.html",""
"news","ravenport-title.png","30112","unused","","moved to _unused-images-removed"
"news","rbi.jpg","243605","unused","","moved to _unused-images-removed"
"news","rbi1.webp","61028","unused","","moved to _unused-images-removed"
"news","rbi2.webp","55504","unused","","moved to _unused-images-removed"
"news","rbi3.webp","117402","unused","","moved to _unused-images-removed"
"news","right-arrow-white.png","15661","used","news/haven-news-page-2.html",""
"news","right-arrow.png","2601","unused","","moved to _unused-images-removed"
"news","robot.webp","27242","used","news/news-22.html",""
"news","sam.png","1967187","unused","","moved to _unused-images-removed"
"news","sellinghuman.webp","70960","used","news/news-28.html",""
"news","sensual.png","103572","unused","","moved to _unused-images-removed"
"news","sensual1.webp","93068","unused","","moved to _unused-images-removed"
"news","session.webp","78651","unused","","moved to _unused-images-removed"
"news","session2.webp","28600","unused","","moved to _unused-images-removed"
"news","sevensteps-cover.webp","57440","used","news/haven-news-page-2.html",""
"news","sidelogo.png","26343","unused","","moved to _unused-images-removed"
"news","singer.webp","32798","used","news/news-29.html",""
"news","sleeppara.webp","72700","unused","","moved to _unused-images-removed"
"news","sleepy.webp","53314","used","news/haven-news-page-2.html",""
"news","someonewhostays-cover.webp","59202","used","news/haven-news-page-2.html",""
"news","srcity.webp","68086","unused","","moved to _unused-images-removed"
"news","stacy-1.webp","91382","unused","","moved to _unused-images-removed"
"news","stacyprofilepic.webp","102184","unused","","moved to _unused-images-removed"
"news","stalker.webp","119920","unused","","moved to _unused-images-removed"
"news","storyline.png","12273","unused","","moved to _unused-images-removed"
"news","storylinewhite.png","19372","unused","","moved to _unused-images-removed"
"news","streets.webp","67954","used","news/haven-news-page-2.html",""
"news","style.png","8691","unused","","moved to _unused-images-removed"
"news","stylewhite.png","14069","unused","","moved to _unused-images-removed"
"news","syndicate.webp","49998","used","news/haven-news-page-2.html",""
"news","ted2.png","41903","unused","","moved to _unused-images-removed"
"news","ted3.webp","24628","unused","","moved to _unused-images-removed"
"news","ted4.webp","162724","unused","","moved to _unused-images-removed"
"news","traingirl.jpg","184912","unused","","moved to _unused-images-removed"
"news","underground.webp","52806","used","news/news-30.html",""
"news","up.png","5002","used","news/haven-news-page-2.html",""
"news","videos.png","23867","unused","","moved to _unused-images-removed"
"news","videosblak.png","26900","used","news/haven-news-page-2.html",""
"news","wall3.png","829206","unused","","moved to _unused-images-removed"
"news","wall3.webp","68134","used","news/haven-news-page-2.html",""
"news","weedfarm.webp","95520","used","news/haven-news-page-2.html",""
"news","zeke.png","1473463","unused","","moved to _unused-images-removed"
"news","zeke.webp","54426","unused","","moved to _unused-images-removed"
"occult-arcana","4pnt9tahGna_u8QgnX4b3ngtTHs9efKJsATdL2LFoq5BzGAlprJ-QGDb3oH9VIVUF8N9lsOFwnKsRnhwr-u8I-CYfwAvI1f3tnMqiTh46189Dt7zHovq0Uypwe0gf5JRIWX_pt8-HWLCSXb3hX3z7dsvJjyEfWkUTSbrOXRGhTh1e04HEtNq_AjVy_JYqcN-.jpg","144472","unused","","moved to _unused-images-removed"
"occult-arcana","OA-0471.webp","78702","unused","","moved to _unused-images-removed"
"occult-arcana","OA-0472.webp","74404","used","occult-arcana/item.js",""
"occult-arcana","OA-0473.webp","144096","used","occult-arcana/item.js",""
"occult-arcana","OA-0474.webp","98432","used","occult-arcana/item.js",""
"occult-arcana","OA-0475.webp","95618","used","occult-arcana/item.js",""
"occult-arcana","OA-0476.webp","28976","used","occult-arcana/item.js",""
"occult-arcana","OA-0477.webp","56540","used","occult-arcana/item.js",""
"occult-arcana","OA-0478.webp","89966","used","occult-arcana/item.js",""
"occult-arcana","OA-0479.webp","31494","used","occult-arcana/item.js",""
"occult-arcana","OA-0480.webp","43416","used","occult-arcana/item.js",""
"occult-arcana","OA-0481.webp","16906","used","occult-arcana/item.js",""
"occult-arcana","OA-0482.webp","7620","used","occult-arcana/item.js",""
"occult-arcana","OA-0483.webp","56112","used","occult-arcana/item.js",""
"occult-arcana","OA-0484.webp","65434","used","occult-arcana/item.js",""
"occult-arcana","OA-0485.webp","72670","used","occult-arcana/item.js",""
"occult-arcana","OA-0486.webp","66052","used","occult-arcana/item.js",""
"occult-arcana","OA-0487.webp","22384","used","occult-arcana/item.js",""
"occult-arcana","OA-0488.webp","42628","used","occult-arcana/item.js",""
"occult-arcana","OA-0489.webp","76072","used","occult-arcana/item.js",""
"occult-arcana","OA-0490.webp","31168","used","occult-arcana/item.js",""
"occult-arcana","OA-0491.webp","59598","used","occult-arcana/item.js",""
"occult-arcana","Untitled569_20260920165536.png","3571538","unused","","moved to _unused-images-removed"
"occult-arcana","Untitled570_20260920170428.png","1416348","unused","","moved to _unused-images-removed"
"occult-arcana","arcana-mobile.webp","70038","unused","","moved to _unused-images-removed"
"occult-arcana","arcana-mobile1.webp","74336","used","occult-arcana/style.css",""
"occult-arcana","arcana-pc.webp","154316","used","occult-arcana/style.css",""
"occult-arcana","elias.webp","15732","used","occult-arcana/comments.js",""
"occult-arcana","favicon.png","2818","used","occult-arcana/index.html",""
"occult-arcana","images (4).png","11638","unused","","moved to _unused-images-removed"
"occult-arcana","logo.png","70532","used","occult-arcana/index.html",""
"occult-arcana","marcus.webp","15382","used","occult-arcana/comments.js",""
"occult-arcana","occult-arcana-og.webp","141118","used","occult-arcana/index.html",""
"occult-arcana","you.webp","115390","used","occult-arcana/item.js",""
"ravenport/back&forth","afooter1.jpg","5801","used","ravenport/back&forth/index.html",""
"ravenport/back&forth","b1.webp","117630","used","ravenport/back&forth/index.html",""
"ravenport/back&forth","b2.webp","2566","used","ravenport/back&forth/index.html",""
"ravenport/back&forth","backnforth-cover.webp","37402","used","ravenport/back&forth/index.html",""
"ravenport/back&forth","backnforth-og.webp","62470","used","ravenport/back&forth/index.html",""
"ravenport/back&forth","home-icon.png","4582","used","ravenport/back&forth/index.html",""
"ravenport/back&forth","menu.png","2417","used","ravenport/back&forth/index.html",""
"ravenport/back&forth","share.png","14937","used","ravenport/back&forth/index.html",""
"ravenport/behindthecurse","afooter1.jpg","5801","used","ravenport/behindthecurse/behindthecurse-chapter10.html",""
"ravenport/behindthecurse","anonymous (1).png","8706","used","ravenport/behindthecurse/behindthecurse-chapter10.html",""
"ravenport/behindthecurse","b1.jpg","85374","used","ravenport/behindthecurse/behindthecurse-chapter5.html",""
"ravenport/behindthecurse","b10.webp","9726","unused","","moved to _unused-images-removed"
"ravenport/behindthecurse","b11.webp","55276","used","ravenport/behindthecurse/behindthecurse-chapter5.html",""
"ravenport/behindthecurse","b12.webp","4910","used","ravenport/behindthecurse/behindthecurse-chapter5.html",""
"ravenport/behindthecurse","b9.webp","109404","used","ravenport/behindthecurse/behindthecurse-chapter5.html",""
"ravenport/behindthecurse","behindthecurse-cover.webp","114622","used","ravenport/behindthecurse/behindthecurse-chapter10.html",""
"ravenport/behindthecurse","bhblack.jpg","105934","unused","","moved to _unused-images-removed"
"ravenport/behindthecurse","bhblack.png","55935","used","ravenport/behindthecurse/behindthecurse-chapter4.html",""
"ravenport/behindthecurse","bhc1.webp","51696","used","ravenport/behindthecurse/index.html",""
"ravenport/behindthecurse","bhc10.webp","195920","used","ravenport/behindthecurse/behindthecurse-chapter2.html",""
"ravenport/behindthecurse","bhc11.webp","2376","used","ravenport/behindthecurse/behindthecurse-chapter2.html",""
"ravenport/behindthecurse","bhc12.jpg","71212","used","ravenport/behindthecurse/behindthecurse-chapter2.html",""
"ravenport/behindthecurse","bhc13.webp","850368","used","ravenport/behindthecurse/behindthecurse-chapter2.html",""
"ravenport/behindthecurse","bhc14.webp","20022","used","ravenport/behindthecurse/behindthecurse-chapter2.html",""
"ravenport/behindthecurse","bhc15.webp","7860","used","ravenport/behindthecurse/behindthecurse-chapter2.html",""
"ravenport/behindthecurse","bhc16.webp","414996","used","ravenport/behindthecurse/behindthecurse-chapter2.html",""
"ravenport/behindthecurse","bhc17.webp","187484","used","ravenport/behindthecurse/behindthecurse-chapter2.html",""
"ravenport/behindthecurse","bhc18.webp","9266","used","ravenport/behindthecurse/behindthecurse-chapter8.html",""
"ravenport/behindthecurse","bhc19.jpg","23075","used","ravenport/behindthecurse/behindthecurse-chapter2.html",""
"ravenport/behindthecurse","bhc2.webp","695200","unused","","moved to _unused-images-removed"
"ravenport/behindthecurse","bhc20.webp","11946","used","ravenport/behindthecurse/behindthecurse-chapter2.html",""
"ravenport/behindthecurse","bhc21.png","71980","used","ravenport/behindthecurse/behindthecurse-chapter2.html",""
"ravenport/behindthecurse","bhc22.webp","22256","used","ravenport/behindthecurse/behindthecurse-chapter2.html",""
"ravenport/behindthecurse","bhc23.jpg","259563","unused","","moved to _unused-images-removed"
"ravenport/behindthecurse","bhc23.webp","24124","used","ravenport/behindthecurse/behindthecurse-chapter10.html",""
"ravenport/behindthecurse","bhc24.webp","1241560","used","ravenport/behindthecurse/behindthecurse-chapter3.html",""
"ravenport/behindthecurse","bhc25.webp","385270","used","ravenport/behindthecurse/behindthecurse-chapter3.html",""
"ravenport/behindthecurse","bhc26.webp","95672","used","ravenport/behindthecurse/behindthecurse-chapter3.html",""
"ravenport/behindthecurse","bhc27.webp","70950","used","ravenport/behindthecurse/behindthecurse-chapter3.html",""
"ravenport/behindthecurse","bhc28.jpg","7863","used","ravenport/behindthecurse/behindthecurse-chapter3.html",""
"ravenport/behindthecurse","bhc29.webp","38654","used","ravenport/behindthecurse/behindthecurse-chapter3.html",""
"ravenport/behindthecurse","bhc3.webp","678062","used","ravenport/behindthecurse/index.html",""
"ravenport/behindthecurse","bhc30.webp","10870","unused","","moved to _unused-images-removed"
"ravenport/behindthecurse","bhc31.webp","1247836","used","ravenport/behindthecurse/behindthecurse-chapter4.html",""
"ravenport/behindthecurse","bhc32.webp","24122","used","ravenport/behindthecurse/behindthecurse-chapter4.html",""
"ravenport/behindthecurse","bhc33.webp","13364","used","ravenport/behindthecurse/behindthecurse-chapter4.html",""
"ravenport/behindthecurse","bhc34.webp","92054","used","ravenport/behindthecurse/behindthecurse-chapter4.html",""
"ravenport/behindthecurse","bhc35.webp","10560","used","ravenport/behindthecurse/behindthecurse-chapter10.html",""
"ravenport/behindthecurse","bhc36.webp","1354","used","ravenport/behindthecurse/behindthecurse-chapter5.html",""
"ravenport/behindthecurse","bhc37.webp","10912","used","ravenport/behindthecurse/behindthecurse-chapter10.html",""
"ravenport/behindthecurse","bhc39.webp","32850","used","ravenport/behindthecurse/behindthecurse-chapter10.html",""
"ravenport/behindthecurse","bhc4.png","55257","unused","","moved to _unused-images-removed"
"ravenport/behindthecurse","bhc41.png","12650","used","ravenport/behindthecurse/behindthecurse-chapter6.html",""
"ravenport/behindthecurse","bhc42.webp","185264","used","ravenport/behindthecurse/behindthecurse-chapter7.html",""
"ravenport/behindthecurse","bhc44.jpg","42032","used","ravenport/behindthecurse/behindthecurse-chapter8.html",""
"ravenport/behindthecurse","bhc45.png","4166","used","ravenport/behindthecurse/behindthecurse-chapter8.html",""
"ravenport/behindthecurse","bhc46.jpg","28009","used","ravenport/behindthecurse/behindthecurse-chapter8.html",""
"ravenport/behindthecurse","bhc47.webp","25366","used","ravenport/behindthecurse/behindthecurse-chapter8.html",""
"ravenport/behindthecurse","bhc48.webp","1724","used","ravenport/behindthecurse/behindthecurse-chapter8.html",""
"ravenport/behindthecurse","bhc49.webp","25366","used","ravenport/behindthecurse/behindthecurse-chapter9.html",""
"ravenport/behindthecurse","bhc5.png","52972","used","ravenport/behindthecurse/index.html",""
"ravenport/behindthecurse","bhc50.webp","3144","used","ravenport/behindthecurse/behindthecurse-chapter10.html",""
"ravenport/behindthecurse","bhc51.webp","126300","used","ravenport/behindthecurse/behindthecurse-chapter9.html",""
"ravenport/behindthecurse","bhc52.png","58859","used","ravenport/behindthecurse/behindthecurse-chapter10.html",""
"ravenport/behindthecurse","bhc52.webp","15090","used","ravenport/behindthecurse/behindthecurse-chapter9.html",""
"ravenport/behindthecurse","bhc53.webp","14072","used","ravenport/behindthecurse/behindthecurse-chapter10.html",""
"ravenport/behindthecurse","bhc6.webp","284926","used","ravenport/behindthecurse/behindthecurse-chapter4.html",""
"ravenport/behindthecurse","bhc7.png","93311","used","ravenport/behindthecurse/behindthecurse-chapter4.html",""
"ravenport/behindthecurse","bhc8.webp","2994","used","ravenport/behindthecurse/behindthecurse-chapter2.html",""
"ravenport/behindthecurse","bhc9.webp","16812","used","ravenport/behindthecurse/behindthecurse-chapter2.html",""
"ravenport/behindthecurse","bhsun.webp","148280","used","ravenport/behindthecurse/behindthecurse-chapter3.html",""
"ravenport/behindthecurse","c10.webp","21778","used","ravenport/behindthecurse/behindthecurse-chapter10.html",""
"ravenport/behindthecurse","c4.webp","21594","used","ravenport/behindthecurse/behindthecurse-chapter4.html",""
"ravenport/behindthecurse","c5.webp","41640","used","ravenport/behindthecurse/behindthecurse-chapter5.html",""
"ravenport/behindthecurse","c7.webp","41342","used","ravenport/behindthecurse/behindthecurse-chapter7.html",""
"ravenport/behindthecurse","c8.webp","15168","used","ravenport/behindthecurse/behindthecurse-chapter8.html",""
"ravenport/behindthecurse","c9.webp","12314","used","ravenport/behindthecurse/behindthecurse-chapter9.html",""
"ravenport/behindthecurse","chapter (1).png","10496","used","ravenport/behindthecurse/behindthecurse-chapter10.html",""
"ravenport/behindthecurse","exit.png","4243","unused","","moved to _unused-images-removed"
"ravenport/behindthecurse","h14.jpg","45012","used","ravenport/behindthecurse/behindthecurse-chapter9.html",""
"ravenport/behindthecurse","h18.png","53613","used","ravenport/behindthecurse/behindthecurse-chapter9.html",""
"ravenport/behindthecurse","h4.webp","24712","used","ravenport/behindthecurse/behindthecurse-chapter4.html",""
"ravenport/behindthecurse","h6.jpg","133230","used","ravenport/behindthecurse/behindthecurse-chapter3.html",""
"ravenport/behindthecurse","h7.webp","45016","used","ravenport/behindthecurse/behindthecurse-chapter9.html",""
"ravenport/behindthecurse","hking.webp","60220","used","ravenport/behindthecurse/behindthecurse-chapter5.html",""
"ravenport/behindthecurse","hking2.webp","3226","used","ravenport/behindthecurse/behindthecurse-chapter5.html",""
"ravenport/behindthecurse","hking3.webp","75444","used","ravenport/behindthecurse/behindthecurse-chapter6.html",""
"ravenport/behindthecurse","home (1).png","14140","used","ravenport/behindthecurse/behindthecurse-chapter10.html",""
"ravenport/behindthecurse","home-icon.png","4582","used","ravenport/behindthecurse/behindthecurse-chapter10.html",""
"ravenport/behindthecurse","m1.webp","31256","unused","","moved to _unused-images-removed"
"ravenport/behindthecurse","m17.jpg","79195","unused","","moved to _unused-images-removed"
"ravenport/behindthecurse","m19.jpg","73568","unused","","moved to _unused-images-removed"
"ravenport/behindthecurse","map (1).png","12894","used","ravenport/behindthecurse/behindthecurse-chapter10.html",""
"ravenport/behindthecurse","menu.png","2417","used","ravenport/behindthecurse/behindthecurse-chapter10.html",""
"ravenport/behindthecurse","share.png","14937","used","ravenport/behindthecurse/behindthecurse-chapter10.html",""
"ravenport/bewitchinggirl","bewitchinggirl-og.webp","178504","used","ravenport/bewitchinggirl/index.html",""
"ravenport/bewitchinggirl","cover1.png","1000386","used","ravenport/bewitchinggirl/index.html",""
"ravenport/bewitchinggirl","left-arrow.png","10972","used","ravenport/bewitchinggirl/index.html",""
"ravenport/bewitchinggirl","npage01.png","2223176","used","ravenport/bewitchinggirl/index.html",""
"ravenport/bewitchinggirl","npage02.png","1434999","used","ravenport/bewitchinggirl/index.html",""
"ravenport/bewitchinggirl","npage03.png","1314732","used","ravenport/bewitchinggirl/index.html",""
"ravenport/bewitchinggirl","npage04.png","464962","used","ravenport/bewitchinggirl/index.html",""
"ravenport/bewitchinggirl","npage05.png","963012","used","ravenport/bewitchinggirl/index.html",""
"ravenport/bewitchinggirl","npage06.png","959266","used","ravenport/bewitchinggirl/index.html",""
"ravenport/bewitchinggirl","npage07.png","512973","used","ravenport/bewitchinggirl/index.html",""
"ravenport/bewitchinggirl","share.png","14937","unused","","moved to _unused-images-removed"
"ravenport/birdshugs","anonymous (1).png","8706","unused","","moved to _unused-images-removed"
"ravenport/birdshugs","birdshugs-cover.webp","43718","used","ravenport/birdshugs/birdshugs-chapter2.html",""
"ravenport/birdshugs","birdshugs-og.webp","59754","used","ravenport/birdshugs/birdshugs-chapter2.html",""
"ravenport/birdshugs","bsun.jpg","112396","used","ravenport/birdshugs/birdshugs-chapter3.html",""
"ravenport/birdshugs","c1.webp","15354","used","ravenport/birdshugs/index.html",""
"ravenport/birdshugs","c2.webp","22020","used","ravenport/birdshugs/birdshugs-chapter2.html",""
"ravenport/birdshugs","chapter (1).png","10496","used","ravenport/birdshugs/birdshugs-chapter2.html",""
"ravenport/birdshugs","eyead.webp","346912","used","ravenport/birdshugs/index.html",""
"ravenport/birdshugs","favicon.png","2818","used","ravenport/birdshugs/birdshugs-chapter2.html",""
"ravenport/birdshugs","footer2.png","60644","used","ravenport/birdshugs/index.html",""
"ravenport/birdshugs","footer3.png","76105","used","ravenport/birdshugs/birdshugs-chapter2.html",""
"ravenport/birdshugs","h13.webp","10106","unused","","moved to _unused-images-removed"
"ravenport/birdshugs","h14.jpg","45012","unused","","moved to _unused-images-removed"
"ravenport/birdshugs","h15.png","154170","used","ravenport/birdshugs/birdshugs-chapter2.html",""
"ravenport/birdshugs","h16.jpg","27573","unused","","moved to _unused-images-removed"
"ravenport/birdshugs","h17.jpg","20149","unused","","moved to _unused-images-removed"
"ravenport/birdshugs","h18.png","53613","used","ravenport/birdshugs/birdshugs-chapter2.html",""
"ravenport/birdshugs","h4.webp","24712","unused","","moved to _unused-images-removed"
"ravenport/birdshugs","h6.jpg","133230","unused","","moved to _unused-images-removed"
"ravenport/birdshugs","h7.webp","45016","unused","","moved to _unused-images-removed"
"ravenport/birdshugs","h8.webp","77818","used","ravenport/birdshugs/birdshugs-chapter2.html",""
"ravenport/birdshugs","hking.webp","60220","used","ravenport/birdshugs/birdshugs-chapter2.html",""
"ravenport/birdshugs","hking2.webp","2550","used","ravenport/birdshugs/birdshugs-chapter2.html",""
"ravenport/birdshugs","home (1).png","14140","unused","","moved to _unused-images-removed"
"ravenport/birdshugs","home-icon.png","4582","used","ravenport/birdshugs/birdshugs-chapter2.html",""
"ravenport/birdshugs","hug1.png","71980","used","ravenport/birdshugs/index.html",""
"ravenport/birdshugs","hug10.jpg","60289","used","ravenport/birdshugs/birdshugs-chapter2.html",""
"ravenport/birdshugs","hug12.jpg","92672","used","ravenport/birdshugs/birdshugs-chapter2.html",""
"ravenport/birdshugs","hug13.webp","8418","used","ravenport/birdshugs/birdshugs-chapter2.html",""
"ravenport/birdshugs","hug14.jpg","72084","used","ravenport/birdshugs/birdshugs-chapter2.html",""
"ravenport/birdshugs","hug2.webp","11946","unused","","moved to _unused-images-removed"
"ravenport/birdshugs","hug3.jpg","23075","used","ravenport/birdshugs/birdshugs-chapter3.html",""
"ravenport/birdshugs","hug4.webp","9266","used","ravenport/birdshugs/birdshugs-chapter2.html",""
"ravenport/birdshugs","hug5.webp","38654","used","ravenport/birdshugs/index.html",""
"ravenport/birdshugs","hug6.webp","187484","used","ravenport/birdshugs/birdshugs-chapter2.html",""
"ravenport/birdshugs","hug7.webp","15090","unused","","moved to _unused-images-removed"
"ravenport/birdshugs","hug8.webp","126300","unused","","moved to _unused-images-removed"
"ravenport/birdshugs","hug9.jpg","404023","unused","","moved to _unused-images-removed"
"ravenport/birdshugs","hug9.webp","102122","used","ravenport/birdshugs/index.html",""
"ravenport/birdshugs","hugb4.png","12648","used","ravenport/birdshugs/index.html",""
"ravenport/birdshugs","map (1).png","12894","unused","","moved to _unused-images-removed"
"ravenport/birdshugs","mech.webp","576730","used","ravenport/birdshugs/birdshugs-chapter2.html",""
"ravenport/birdshugs","menu.png","2417","used","ravenport/birdshugs/birdshugs-chapter2.html",""
"ravenport/birdshugs","night.webp","13610","used","ravenport/birdshugs/birdshugs-chapter2.html",""
"ravenport/birdshugs","share.png","14937","used","ravenport/birdshugs/birdshugs-chapter2.html",""
"ravenport/birdshugs","sun.webp","148280","used","ravenport/birdshugs/birdshugs-chapter2.html",""
"ravenport/birdshugs","sun2.webp","2402","used","ravenport/birdshugs/birdshugs-chapter2.html",""
"ravenport/birdshugs","sun3.webp","35070","used","ravenport/birdshugs/birdshugs-chapter2.html",""
"ravenport/jobless","business-card.webp","290748","unused","","moved to _unused-images-removed"
"ravenport/jobless","favicon.png","2818","used","ravenport/jobless/firstday.html",""
"ravenport/jobless","jobless-logo.png","141927","used","ravenport/jobless/firstday.html",""
"ravenport/jobless","nemxnovels-hiring-og.webp","62134","used","ravenport/jobless/firstday.html",""
"ravenport/jobless","press-me-logo.png","102547","used","ravenport/jobless/firstday.html",""
"ravenport/jobless","prometheus-logo.webp","11572","used","ravenport/jobless/firstday.html",""
"ravenport/motelbloodbath","afooter1.jpg","5801","used","ravenport/motelbloodbath/accused-file-page.html",""
"ravenport/motelbloodbath","balance.png","15064","used","ravenport/motelbloodbath/accused-file-page.html",""
"ravenport/motelbloodbath","case.png","10644","used","ravenport/motelbloodbath/accused-file-page.html",""
"ravenport/motelbloodbath","chapter (1).png","10496","used","ravenport/motelbloodbath/accused-file-page.html",""
"ravenport/motelbloodbath","clover-file.webp","113562","used","ravenport/motelbloodbath/accused-file-page.html",""
"ravenport/motelbloodbath","damon-file.webp","203976","used","ravenport/motelbloodbath/accused-file-page.html",""
"ravenport/motelbloodbath","eve-file.webp","117778","used","ravenport/motelbloodbath/victim-file-page.html",""
"ravenport/motelbloodbath","filesview.webp","73322","used","ravenport/motelbloodbath/index.html",""
"ravenport/motelbloodbath","gabby-file.webp","106748","used","ravenport/motelbloodbath/victim-file-page.html",""
"ravenport/motelbloodbath","george-file.webp","137228","used","ravenport/motelbloodbath/victim-file-page.html",""
"ravenport/motelbloodbath","h18.png","53613","used","nemxnovels_link_problems.txt",""
"ravenport/motelbloodbath","hank-file.webp","107708","used","ravenport/motelbloodbath/accused-file-page.html",""
"ravenport/motelbloodbath","home-icon.png","4582","used","ravenport/motelbloodbath/accused-file-page.html",""
"ravenport/motelbloodbath","kassie-file.webp","148862","used","ravenport/motelbloodbath/victim-file-page.html",""
"ravenport/motelbloodbath","larry-file.webp","129388","used","ravenport/motelbloodbath/accused-file-page.html",""
"ravenport/motelbloodbath","m1.webp","31256","used","ravenport/motelbloodbath/index.html",""
"ravenport/motelbloodbath","m10.webp","9726","used","ravenport/motelbloodbath/index.html",""
"ravenport/motelbloodbath","m11.webp","1100354","used","ravenport/motelbloodbath/index.html",""
"ravenport/motelbloodbath","m12.webp","13108","used","ravenport/motelbloodbath/index.html",""
"ravenport/motelbloodbath","m13.webp","284926","used","ravenport/motelbloodbath/index.html",""
"ravenport/motelbloodbath","m14.webp","85974","used","ravenport/motelbloodbath/index.html",""
"ravenport/motelbloodbath","m15.jpg","54475","used","ravenport/motelbloodbath/index.html",""
"ravenport/motelbloodbath","m16.jpg","8309","used","ravenport/motelbloodbath/index.html",""
"ravenport/motelbloodbath","m17.jpg","79195","used","ravenport/motelbloodbath/index.html",""
"ravenport/motelbloodbath","m18.webp","4294","used","ravenport/motelbloodbath/index.html",""
"ravenport/motelbloodbath","m19.jpg","73568","used","ravenport/motelbloodbath/index.html",""
"ravenport/motelbloodbath","m2.webp","671424","used","ravenport/motelbloodbath/index.html",""
"ravenport/motelbloodbath","m3.webp","635570","unused","","moved to _unused-images-removed"
"ravenport/motelbloodbath","m4.webp","30382","used","ravenport/motelbloodbath/index.html",""
"ravenport/motelbloodbath","m5.webp","3826","used","ravenport/motelbloodbath/index.html",""
"ravenport/motelbloodbath","m6.webp","10412","used","ravenport/motelbloodbath/index.html",""
"ravenport/motelbloodbath","m7.webp","146732","used","ravenport/motelbloodbath/index.html",""
"ravenport/motelbloodbath","m8.webp","576052","used","ravenport/motelbloodbath/index.html",""
"ravenport/motelbloodbath","m9.webp","109404","used","ravenport/motelbloodbath/index.html",""
"ravenport/motelbloodbath","martin-file.webp","105556","used","ravenport/motelbloodbath/victim-file-page.html",""
"ravenport/motelbloodbath","menu.png","2417","used","ravenport/motelbloodbath/accused-file-page.html",""
"ravenport/motelbloodbath","mia-file.webp","108136","used","ravenport/motelbloodbath/victim-file-page.html",""
"ravenport/motelbloodbath","motelbloodbath-cover.webp","107570","used","ravenport/motelbloodbath/index.html",""
"ravenport/motelbloodbath","motelbloodbath-og.webp","171482","used","ravenport/motelbloodbath/index.html",""
"ravenport/motelbloodbath","ridagent.jpeg","7975137","used","ravenport/motelbloodbath/index.html",""
"ravenport/motelbloodbath","ridagent2.jpeg","457831","used","ravenport/motelbloodbath/index.html",""
"ravenport/motelbloodbath","russell-file.webp","138038","used","ravenport/motelbloodbath/accused-file-page.html",""
"ravenport/motelbloodbath","share.png","14937","used","ravenport/motelbloodbath/accused-file-page.html",""
"ravenport/original-story","2pic1.webp","78252","used","ravenport/original-story/Ravenport-chapter2.html",""
"ravenport/original-story","2pic10.webp","164038","used","ravenport/original-story/Ravenport-chapter2.html",""
"ravenport/original-story","2pic11.webp","78730","used","ravenport/original-story/Ravenport-chapter2.html",""
"ravenport/original-story","2pic2.webp","13362","used","ravenport/original-story/Ravenport-chapter2.html",""
"ravenport/original-story","2pic3.webp","9906","used","ravenport/original-story/Ravenport-chapter2.html",""
"ravenport/original-story","2pic4.webp","81408","used","ravenport/original-story/Ravenport-chapter2.html",""
"ravenport/original-story","2pic5.webp","131666","used","ravenport/original-story/Ravenport-chapter2.html",""
"ravenport/original-story","2pic6.webp","15986","used","ravenport/original-story/Ravenport-chapter2.html",""
"ravenport/original-story","2pic7.webp","16186","used","ravenport/original-story/Ravenport-chapter2.html",""
"ravenport/original-story","2pic8.webp","15986","used","ravenport/original-story/Ravenport-chapter2.html",""
"ravenport/original-story","2pic9.webp","16186","used","ravenport/original-story/Ravenport-chapter2.html",""
"ravenport/original-story","3pic1.webp","88110","used","ravenport/original-story/Ravenport-chapter3.html",""
"ravenport/original-story","Facebook.webp","67124","used","ravenport/original-story/index.html",""
"ravenport/original-story","Messenger_creation_634394FE-B293-411B-8929-3CDE607F9EEC.jpeg","29522","unused","","moved to _unused-images-removed"
"ravenport/original-story","Messenger_creation_6E05CBDA-19CB-4A58-9430-8831EE45441D.jpeg","23039","unused","","moved to _unused-images-removed"
"ravenport/original-story","amanda.webp","52022","used","ravenport/original-story/Ravenport-characters-Amanda.html",""
"ravenport/original-story","amandaprofile.webp","113498","used","ravenport/original-story/Ravenport-character-Darkkid.html",""
"ravenport/original-story","anonymous (1).png","8706","used","ravenport/original-story/Ravenport-chapter2.html",""
"ravenport/original-story","anonymous.png","4578","unused","","moved to _unused-images-removed"
"ravenport/original-story","black.png","228089","used","ravenport/original-story/Ravenport-chapter2.html",""
"ravenport/original-story","black10.png","10418","used","ravenport/original-story/Ravenport-chapter6.html",""
"ravenport/original-story","black2.png","12702","used","ravenport/original-story/Ravenport-chapter2.html",""
"ravenport/original-story","black3.png","12257","unused","","moved to _unused-images-removed"
"ravenport/original-story","black4.png","8983","used","ravenport/original-story/Ravenport-chapter3.html",""
"ravenport/original-story","black5.png","6875","unused","","moved to _unused-images-removed"
"ravenport/original-story","black6.png","5461","used","ravenport/original-story/Ravenport-chapter3.html",""
"ravenport/original-story","black7.png","4726","unused","","moved to _unused-images-removed"
"ravenport/original-story","black8.png","5023","used","ravenport/original-story/Ravenport-chapter3.html",""
"ravenport/original-story","black9.jpg","88219","used","ravenport/original-story/Ravenport-chapter3.html",""
"ravenport/original-story","blue2.webp","33858","used","ravenport/original-story/Ravenport-chapter4.html",""
"ravenport/original-story","caleb.webp","23678","unused","","moved to _unused-images-removed"
"ravenport/original-story","caleb1.webp","23646","used","ravenport/original-story/Ravenport-chapter4.html",""
"ravenport/original-story","caleb2.png","65068","used","ravenport/original-story/Ravenport-chapter4.html",""
"ravenport/original-story","caleb3.webp","108480","used","ravenport/original-story/Ravenport-chapter4.html",""
"ravenport/original-story","caleb4.webp","1635324","unused","","moved to _unused-images-removed"
"ravenport/original-story","caleb5.webp","344170","used","ravenport/original-story/Ravenport-chapter6.html",""
"ravenport/original-story","ch4-1.webp","343012","used","ravenport/original-story/Ravenport-chapter4.html",""
"ravenport/original-story","ch4-2.webp","10216","used","ravenport/original-story/Ravenport-chapter4.html",""
"ravenport/original-story","ch5-1.webp","6278","unused","","moved to _unused-images-removed"
"ravenport/original-story","ch5-2.webp","72422","unused","","moved to _unused-images-removed"
"ravenport/original-story","ch5-3.png","104211","unused","","moved to _unused-images-removed"
"ravenport/original-story","ch6-1.webp","80784","used","ravenport/original-story/Ravenport-chapter6.html",""
"ravenport/original-story","ch6-3.png","96468","used","ravenport/original-story/Ravenport-chapter6.html",""
"ravenport/original-story","ch8.webp","97662","used","ravenport/original-story/Ravenport-chapter5.html",""
"ravenport/original-story","cha7.webp","336576","used","ravenport/original-story/Ravenport-chapter7.html",""
"ravenport/original-story","chapter (1).png","10496","used","ravenport/original-story/Ravenport-chapter2.html",""
"ravenport/original-story","chp5.webp","96698","unused","","moved to _unused-images-removed"
"ravenport/original-story","concrete.webp","2547322","unused","","moved to _unused-images-removed"
"ravenport/original-story","darkkid.webp","16792","used","ravenport/original-story/Ravenport-character-Darkkid.html",""
"ravenport/original-story","darkkidprofile.webp","39330","used","ravenport/original-story/Ravenport-character-Lethe.html",""
"ravenport/original-story","end.webp","51692","used","ravenport/original-story/Ravenport-chapter4.html",""
"ravenport/original-story","end2.png","169923","used","ravenport/original-story/Ravenport-chapter4.html",""
"ravenport/original-story","erasal.png","395250","used","ravenport/original-story/RVPnews.html",""
"ravenport/original-story","exit.png","4243","used","ravenport/original-story/Ravenport-character-Darkkid.html",""
"ravenport/original-story","footer1.png","67791","used","ravenport/original-story/index.html",""
"ravenport/original-story","footer2.png","60644","used","ravenport/original-story/Ravenport-chapter3.html",""
"ravenport/original-story","footer3.png","76105","used","ravenport/original-story/Ravenport-chapter2.html",""
"ravenport/original-story","forest.png","317187","used","ravenport/original-story/Ravenport-chapter4.html",""
"ravenport/original-story","glitch.png","2016729","unused","","moved to _unused-images-removed"
"ravenport/original-story","glitch2.png","1402957","unused","","moved to _unused-images-removed"
"ravenport/original-story","glitch3.png","1258411","used","ravenport/original-story/Ravenport-chapter3.html",""
"ravenport/original-story","goodass.webp","96302","used","ravenport/original-story/index.html",""
"ravenport/original-story","green.png","1749159","unused","","moved to _unused-images-removed"
"ravenport/original-story","green2.png","1121927","used","ravenport/original-story/Ravenport-chapter3.html",""
"ravenport/original-story","green4.png","1768404","used","ravenport/original-story/Ravenport-chapter4.html",""
"ravenport/original-story","green5.png","1263436","used","ravenport/original-story/Ravenport-chapter4.html",""
"ravenport/original-story","green_1.png","58225","unused","","moved to _unused-images-removed"
"ravenport/original-story","home (1).png","14140","used","ravenport/original-story/Ravenport-chapter2.html",""
"ravenport/original-story","home-icon.png","4582","used","ravenport/original-story/Ravenport-chapter2.html",""
"ravenport/original-story","home.png","7472","unused","","moved to _unused-images-removed"
"ravenport/original-story","home1.jpg","136148","used","ravenport/original-story/house.html",""
"ravenport/original-story","home2.jpg","143008","used","ravenport/original-story/house.html",""
"ravenport/original-story","home3.jpg","127907","used","ravenport/original-story/house.html",""
"ravenport/original-story","home4.jpg","94864","used","ravenport/original-story/house.html",""
"ravenport/original-story","home5.jpeg","31484","used","ravenport/original-story/house.html",""
"ravenport/original-story","home6.jpeg","27851","used","ravenport/original-story/house.html",""
"ravenport/original-story","last.png","187710","used","ravenport/original-story/Ravenport-chapter5.html",""
"ravenport/original-story","lethe.png","234009","unused","","moved to _unused-images-removed"
"ravenport/original-story","lethe1.png","184053","used","ravenport/original-story/Ravenport-chapter3.html",""
"ravenport/original-story","lethe2.jpg","239515","used","ravenport/original-story/Ravenport-chapter3.html",""
"ravenport/original-story","lethe4.jpg","110157","unused","","moved to _unused-images-removed"
"ravenport/original-story","lethe5.jpg","98350","used","ravenport/original-story/Ravenport-chapter3.html",""
"ravenport/original-story","lethepic.webp","36252","used","ravenport/original-story/Ravenport-character-Lethe.html",""
"ravenport/original-story","letheprofile.webp","140676","used","ravenport/original-story/Ravenport-character-Darkkid.html",""
"ravenport/original-story","lucien.webp","51234","used","ravenport/original-story/Ravenport-character-Lucien.html",""
"ravenport/original-story","lucien2.webp","90110","used","ravenport/original-story/Ravenport-chapter4.html",""
"ravenport/original-story","lucienprofile.webp","94626","used","ravenport/original-story/Ravenport-character-Darkkid.html",""
"ravenport/original-story","magic.png","802211","unused","","moved to _unused-images-removed"
"ravenport/original-story","map (1).png","12894","used","ravenport/original-story/Ravenport-chapter2.html",""
"ravenport/original-story","map.png","6039","unused","","moved to _unused-images-removed"
"ravenport/original-story","menu.png","2417","used","ravenport/original-story/Ravenport-chapter2.html",""
"ravenport/original-story","mycroft.webp","76684","used","ravenport/original-story/Ravenport-character-Mycroft.html",""
"ravenport/original-story","mycroftprofile.webp","98526","used","ravenport/original-story/Ravenport-character-Darkkid.html",""
"ravenport/original-story","names.png","54757","used","ravenport/original-story/Ravenport-chapter3.html",""
"ravenport/original-story","nature1.jpg","130802","used","ravenport/original-story/samanthapictures.html",""
"ravenport/original-story","nature10.jpeg","19447","used","ravenport/original-story/samanthapictures.html",""
"ravenport/original-story","nature11.jpeg","16898","used","ravenport/original-story/samanthapictures.html",""
"ravenport/original-story","nature2.jpg","138044","used","ravenport/original-story/samanthapictures.html",""
"ravenport/original-story","nature3.jpg","73296","used","ravenport/original-story/samanthapictures.html",""
"ravenport/original-story","nature4.jpeg","22624","used","ravenport/original-story/samanthapictures.html",""
"ravenport/original-story","nature5.jpeg","29985","used","ravenport/original-story/samanthapictures.html",""
"ravenport/original-story","nature6.jpeg","27375","used","ravenport/original-story/samanthapictures.html",""
"ravenport/original-story","nature7.jpeg","88035","used","ravenport/original-story/samanthapictures.html",""
"ravenport/original-story","nature8.jpeg","19841","used","ravenport/original-story/samanthapictures.html",""
"ravenport/original-story","nature9.jpeg","51023","used","ravenport/original-story/samanthapictures.html",""
"ravenport/original-story","next.png","4276","unused","","moved to _unused-images-removed"
"ravenport/original-story","night.webp","94446","unused","","moved to _unused-images-removed"
"ravenport/original-story","night2.webp","92068","unused","","moved to _unused-images-removed"
"ravenport/original-story","night3.webp","26264","used","ravenport/original-story/Ravenport-chapter5.html",""
"ravenport/original-story","pic1.webp","94104","used","ravenport/original-story/index.html",""
"ravenport/original-story","pic10.webp","72912","used","ravenport/original-story/index.html",""
"ravenport/original-story","pic11.webp","47456","unused","","moved to _unused-images-removed"
"ravenport/original-story","pic12.png","105848","used","ravenport/original-story/index.html",""
"ravenport/original-story","pic13.webp","45016","used","ravenport/original-story/Ravenport-chapter3.html",""
"ravenport/original-story","pic14.webp","57734","used","ravenport/original-story/index.html",""
"ravenport/original-story","pic15.webp","26824","used","ravenport/original-story/index.html",""
"ravenport/original-story","pic16.webp","12170","used","ravenport/original-story/index.html",""
"ravenport/original-story","pic2.webp","43038","used","ravenport/original-story/index.html",""
"ravenport/original-story","pic3a.webp","44186","used","ravenport/original-story/index.html",""
"ravenport/original-story","pic3b.webp","116586","unused","","moved to _unused-images-removed"
"ravenport/original-story","pic4.webp","19796","used","ravenport/original-story/index.html",""
"ravenport/original-story","pic5.png","173359","used","ravenport/original-story/index.html",""
"ravenport/original-story","pic6.webp","98212","used","ravenport/original-story/index.html",""
"ravenport/original-story","pic7.webp","50808","used","ravenport/original-story/index.html",""
"ravenport/original-story","pic8.png","185124","used","ravenport/original-story/index.html",""
"ravenport/original-story","pic9.webp","68828","used","ravenport/original-story/index.html",""
"ravenport/original-story","picturingsomeone.webp","11946","used","ravenport/original-story/Ravenport-chapter2.html",""
"ravenport/original-story","rainy1.webp","102182","used","ravenport/original-story/Ravenport-chapter7.html",""
"ravenport/original-story","ravenport-og.webp","133362","used","ravenport/original-story/Ravenport-chapter2.html",""
"ravenport/original-story","sam1.webp","21176","used","ravenport/original-story/Ravenport-chapter3.html",""
"ravenport/original-story","samantha.webp","39882","used","ravenport/original-story/Ravenport-character-Sam.html",""
"ravenport/original-story","samprofile.webp","48176","used","ravenport/original-story/Ravenport-character-Darkkid.html",""
"ravenport/original-story","share.png","14937","used","ravenport/original-story/Ravenport-chapter2.html",""
"ravenport/original-story","ship.webp","54908","used","ravenport/original-story/RVPnews.html",""
"ravenport/original-story","sun1.webp","268170","used","ravenport/original-story/Ravenport-chapter5.html",""
"ravenport/original-story","sun2.webp","57118","used","ravenport/original-story/Ravenport-chapter3.html",""
"ravenport/original-story","sun3.webp","56020","used","ravenport/original-story/Ravenport-chapter3.html",""
"ravenport/original-story","sun4.webp","52872","used","ravenport/original-story/Ravenport-chapter3.html",""
"ravenport/original-story","sun5.webp","276196","unused","","moved to _unused-images-removed"
"ravenport/original-story","sun6.webp","231162","unused","","moved to _unused-images-removed"
"ravenport/original-story","sunswitch.webp","748382","used","ravenport/original-story/Ravenport-chapter6.html",""
"ravenport/original-story","thoseguys.webp","75396","used","ravenport/original-story/index.html",""
"ravenport/original-story","wallpaper.webp","73752","used","ravenport/original-story/Ravenport-chapter2.html",""
"ravenport/original-story","white.png","228084","unused","","moved to _unused-images-removed"
"ravenport/original-story","white2.png","25810","unused","","moved to _unused-images-removed"
"ravenport/original-story","white3.png","23037","used","ravenport/original-story/Ravenport-chapter3.html",""
"ravenport/original-story","yesterday.webp","19608","used","ravenport/original-story/RVPnews.html",""
"ravenport/original-story","zeke.webp","54426","used","ravenport/original-story/Ravenport-characters-Zeke.html",""
"ravenport/original-story","zekeprofile.webp","75832","used","ravenport/original-story/Ravenport-character-Darkkid.html",""
"ravenport/raphaasylum","afooter1.jpg","5801","used","ravenport/raphaasylum/index.html",""
"ravenport/raphaasylum","anonymous (1).png","8706","used","ravenport/raphaasylum/index.html",""
"ravenport/raphaasylum","chapter (1).png","10496","used","ravenport/raphaasylum/index.html",""
"ravenport/raphaasylum","exit.png","4243","unused","","moved to _unused-images-removed"
"ravenport/raphaasylum","h1.webp","54882","used","ravenport/raphaasylum/index.html",""
"ravenport/raphaasylum","h13.webp","10106","used","ravenport/raphaasylum/index.html",""
"ravenport/raphaasylum","h14.jpg","45012","unused","","moved to _unused-images-removed"
"ravenport/raphaasylum","h15.png","154170","used","ravenport/raphaasylum/index.html",""
"ravenport/raphaasylum","h2.webp","40008","unused","","moved to _unused-images-removed"
"ravenport/raphaasylum","h3.webp","30574","used","ravenport/raphaasylum/index.html",""
"ravenport/raphaasylum","h4.png","340351","used","ravenport/raphaasylum/index.html",""
"ravenport/raphaasylum","h5.webp","132962","unused","","moved to _unused-images-removed"
"ravenport/raphaasylum","h7.webp","45016","unused","","moved to _unused-images-removed"
"ravenport/raphaasylum","h8.webp","77818","used","ravenport/raphaasylum/index.html",""
"ravenport/raphaasylum","home (1).png","14140","used","ravenport/raphaasylum/index.html",""
"ravenport/raphaasylum","home-icon.png","4582","used","ravenport/raphaasylum/index.html",""
"ravenport/raphaasylum","map (1).png","12894","used","ravenport/raphaasylum/index.html",""
"ravenport/raphaasylum","menu.png","2417","used","ravenport/raphaasylum/index.html",""
"ravenport/raphaasylum","raphaasylum-cover.webp","127460","used","ravenport/raphaasylum/index.html",""
"ravenport/raphaasylum","raphaasylum-og.webp","178342","used","ravenport/raphaasylum/index.html",""
"ravenport/raphaasylum","share.png","14937","used","ravenport/raphaasylum/index.html",""
"ravenport/someonewhostays","afooter1.jpg","5801","used","ravenport/someonewhostays/index.html",""
"ravenport/someonewhostays","exit.png","4243","unused","","moved to _unused-images-removed"
"ravenport/someonewhostays","h13.webp","10106","unused","","moved to _unused-images-removed"
"ravenport/someonewhostays","h2.webp","40008","used","ravenport/someonewhostays/index.html",""
"ravenport/someonewhostays","home-icon.png","4582","used","ravenport/someonewhostays/index.html",""
"ravenport/someonewhostays","menu.png","2417","used","ravenport/someonewhostays/index.html",""
"ravenport/someonewhostays","sd1.webp","113246","used","ravenport/someonewhostays/index.html",""
"ravenport/someonewhostays","share.png","14937","used","ravenport/someonewhostays/index.html",""
"ravenport/someonewhostays","someonewhostays-cover.webp","59202","used","ravenport/someonewhostays/index.html",""
"ravenport/someonewhostays","someonewhostays-og.webp","89854","used","ravenport/someonewhostays/index.html",""
"ravenport-blogs/page-2","aboutwhite.png","22721","used","ravenport-blogs/page-2/article-10.html",""
"ravenport-blogs/page-2","actor.webp","79782","used","ravenport-blogs/page-2/page2.html",""
"ravenport-blogs/page-2","amanda.webp","52022","used","ravenport-blogs/page-2/page2.html",""
"ravenport-blogs/page-2","angelsnotes-cover.webp","93790","used","ravenport-blogs/page-2/article-10.html",""
"ravenport-blogs/page-2","anonymous-white.png","15851","used","ravenport-blogs/page-2/article-10.html",""
"ravenport-blogs/page-2","behindthecurse-cover.webp","114622","used","ravenport-blogs/page-2/article-10.html",""
"ravenport-blogs/page-2","bewitchinggirl.webp","68464","used","ravenport-blogs/page-2/article-10.html",""
"ravenport-blogs/page-2","birdshugs-cover.webp","43718","used","ravenport-blogs/page-2/article-10.html",""
"ravenport-blogs/page-2","blacktemp.png","1663824","unused","","moved to _unused-images-removed"
"ravenport-blogs/page-2","blacktemp.webp","99672","used","ravenport-blogs/page-2/article-13.html",""
"ravenport-blogs/page-2","blog.png","12264","used","ravenport-blogs/page-2/article-10.html",""
"ravenport-blogs/page-2","bluelogo.png","30083","used","ravenport-blogs/page-2/article-10.html",""
"ravenport-blogs/page-2","bluelogo2.png","50806","used","ravenport-blogs/page-2/article-10.html",""
"ravenport-blogs/page-2","boss.webp","40412","used","ravenport-blogs/page-2/article-9.html",""
"ravenport-blogs/page-2","btccircle.webp","131170","used","ravenport-blogs/page-2/page2.html",""
"ravenport-blogs/page-2","condoms.webp","75090","used","ravenport-blogs/page-2/article-12.html",""
"ravenport-blogs/page-2","daggeroflight-cover.webp","134236","unused","","moved to _unused-images-removed"
"ravenport-blogs/page-2","date.webp","68138","used","ravenport-blogs/page-2/article-10.html",""
"ravenport-blogs/page-2","deardiary-cover.webp","79420","used","ravenport-blogs/page-2/article-10.html",""
"ravenport-blogs/page-2","down.png","5078","used","ravenport-blogs/page-2/article-10.html",""
"ravenport-blogs/page-2","electrician.jpeg","510731","unused","","moved to _unused-images-removed"
"ravenport-blogs/page-2","electrician.webp","78146","used","ravenport-blogs/page-2/page2.html",""
"ravenport-blogs/page-2","eve.jpeg","1990946","unused","","moved to _unused-images-removed"
"ravenport-blogs/page-2","eve.webp","33606","used","ravenport-blogs/page-2/page2.html",""
"ravenport-blogs/page-2","eye1.jpg","60319","unused","","moved to _unused-images-removed"
"ravenport-blogs/page-2","eye1.webp","105604","used","ravenport-blogs/page-2/article-10.html",""
"ravenport-blogs/page-2","fairy-talewhite.png","20224","used","ravenport-blogs/page-2/article-10.html",""
"ravenport-blogs/page-2","favicon.png","2818","used","ravenport-blogs/page-2/page2.html",""
"ravenport-blogs/page-2","gang.webp","106154","used","ravenport-blogs/page-2/article-11.html",""
"ravenport-blogs/page-2","halloween1.webp","78046","used","ravenport-blogs/page-2/page2.html",""
"ravenport-blogs/page-2","hamburger.png","4625","used","ravenport-blogs/page-2/article-10.html",""
"ravenport-blogs/page-2","havenfall-cover.webp","135712","used","ravenport-blogs/page-2/article-10.html",""
"ravenport-blogs/page-2","invites.webp","139064","used","ravenport-blogs/page-2/page2.html",""
"ravenport-blogs/page-2","jobs.jpg","96531","unused","","moved to _unused-images-removed"
"ravenport-blogs/page-2","jobs.webp","81196","used","ravenport-blogs/page-2/article-14.html",""
"ravenport-blogs/page-2","learners.webp","118738","used","ravenport-blogs/page-2/page2.html",""
"ravenport-blogs/page-2","left-arrow.png","10972","used","ravenport-blogs/page-2/article-10.html",""
"ravenport-blogs/page-2","letheprofile.png","2018738","used","ravenport-blogs/page-2/page2.html",""
"ravenport-blogs/page-2","magazine.webp","139050","used","ravenport-blogs/page-2/page2.html",""
"ravenport-blogs/page-2","nemxnovels-og.webp","116512","used","ravenport-blogs/page-2/page2.html",""
"ravenport-blogs/page-2","newspaper-folderwhite.png","13655","used","ravenport-blogs/page-2/article-10.html",""
"ravenport-blogs/page-2","nn-logo.png","43585","used","ravenport-blogs/page-2/article-10.html",""
"ravenport-blogs/page-2","occultarcana-cover.webp","79854","used","ravenport-blogs/page-2/article-10.html",""
"ravenport-blogs/page-2","randell.webp","60050","used","ravenport-blogs/page-2/page2.html",""
"ravenport-blogs/page-2","raphaasylum-cover.webp","127460","used","ravenport-blogs/page-2/article-10.html",""
"ravenport-blogs/page-2","rapper.jpeg","813923","unused","","moved to _unused-images-removed"
"ravenport-blogs/page-2","rapper.webp","127114","used","ravenport-blogs/page-2/page2.html",""
"ravenport-blogs/page-2","ravenport-cover.webp","77620","used","ravenport-blogs/page-2/article-10.html",""
"ravenport-blogs/page-2","ravenportog.webp","133362","used","ravenport-blogs/page-2/page2.html",""
"ravenport-blogs/page-2","right-arrow-white.png","15661","used","ravenport-blogs/page-2/article-10.html",""
"ravenport-blogs/page-2","rules.jpg","39038","used","ravenport-blogs/page-2/article-8.html",""
"ravenport-blogs/page-2","sevensteps-cover.webp","57440","used","ravenport-blogs/page-2/article-10.html",""
"ravenport-blogs/page-2","someonewhostays-cover.webp","59202","used","ravenport-blogs/page-2/article-10.html",""
"ravenport-blogs/page-2","spy.png","1458601","unused","","moved to _unused-images-removed"
"ravenport-blogs/page-2","spy.webp","60074","used","ravenport-blogs/page-2/page2.html",""
"ravenport-blogs/page-2","up.png","5002","used","ravenport-blogs/page-2/article-10.html",""
"ravenport-blogs/page-2","videosblak.png","26900","used","ravenport-blogs/page-2/article-10.html",""
"ravenport-blogs/page-2","wall3.webp","57146","used","ravenport-blogs/page-2/article-10.html",""
"ravenport-blogs/page-2","wives.webp","80346","used","ravenport-blogs/page-2/page2.html",""
"ravenport-blogs/page-2","zeke.webp","54426","used","ravenport-blogs/page-2/page2.html",""
"ravenport-blogs/page-3","aboutwhite.png","22721","used","ravenport-blogs/page-3/article-15.html",""
"ravenport-blogs/page-3","actor.webp","79782","unused","","moved to _unused-images-removed"
"ravenport-blogs/page-3","amanda.webp","52022","used","ravenport-blogs/page-3/page3.html",""
"ravenport-blogs/page-3","angelsnotes-cover.webp","93790","used","ravenport-blogs/page-3/article-15.html",""
"ravenport-blogs/page-3","anonymous-white.png","15851","used","ravenport-blogs/page-3/article-15.html",""
"ravenport-blogs/page-3","behindthecurse-cover.webp","114622","used","ravenport-blogs/page-3/article-15.html",""
"ravenport-blogs/page-3","betheljin.webp","63616","used","ravenport-blogs/page-3/page3.html",""
"ravenport-blogs/page-3","bewitchinggirl.webp","68464","used","ravenport-blogs/page-3/article-15.html",""
"ravenport-blogs/page-3","birdshugs-cover.webp","43718","used","ravenport-blogs/page-3/article-15.html",""
"ravenport-blogs/page-3","blacktemp.png","1663824","unused","","moved to _unused-images-removed"
"ravenport-blogs/page-3","blacktemp.webp","99672","unused","","moved to _unused-images-removed"
"ravenport-blogs/page-3","blog.png","12264","used","ravenport-blogs/page-3/article-15.html",""
"ravenport-blogs/page-3","bluelogo.png","30083","used","ravenport-blogs/page-3/article-15.html",""
"ravenport-blogs/page-3","bluelogo2.png","50806","used","ravenport-blogs/page-3/article-15.html",""
"ravenport-blogs/page-3","boss.webp","40412","unused","","moved to _unused-images-removed"
"ravenport-blogs/page-3","btccircle.webp","131170","unused","","moved to _unused-images-removed"
"ravenport-blogs/page-3","clone.webp","146118","used","ravenport-blogs/page-3/page3.html",""
"ravenport-blogs/page-3","condoms.webp","75090","unused","","moved to _unused-images-removed"
"ravenport-blogs/page-3","daggeroflight-cover.webp","134236","unused","","moved to _unused-images-removed"
"ravenport-blogs/page-3","date.webp","68138","unused","","moved to _unused-images-removed"
"ravenport-blogs/page-3","deardiary-cover.webp","79420","used","ravenport-blogs/page-3/article-15.html",""
"ravenport-blogs/page-3","devillove.webp","82090","used","ravenport-blogs/page-3/article-16.html",""
"ravenport-blogs/page-3","down.png","5078","used","ravenport-blogs/page-3/article-15.html",""
"ravenport-blogs/page-3","electrician.webp","78146","unused","","moved to _unused-images-removed"
"ravenport-blogs/page-3","entity.webp","10808","unused","","moved to _unused-images-removed"
"ravenport-blogs/page-3","eve.webp","33606","unused","","moved to _unused-images-removed"
"ravenport-blogs/page-3","eye1.jpg","60319","unused","","moved to _unused-images-removed"
"ravenport-blogs/page-3","eye1.webp","105604","used","ravenport-blogs/page-3/article-15.html",""
"ravenport-blogs/page-3","fairy-talewhite.png","20224","used","ravenport-blogs/page-3/article-15.html",""
"ravenport-blogs/page-3","favicon.png","2818","used","ravenport-blogs/page-3/page3.html",""
"ravenport-blogs/page-3","gang.webp","106154","unused","","moved to _unused-images-removed"
"ravenport-blogs/page-3","graffiti.jpg","90516","used","ravenport-blogs/page-3/page3.html",""
"ravenport-blogs/page-3","greatdepression.jpg","31006","used","ravenport-blogs/page-3/article-18.html",""
"ravenport-blogs/page-3","halloween1.webp","78046","unused","","moved to _unused-images-removed"
"ravenport-blogs/page-3","hamburger.png","4625","used","ravenport-blogs/page-3/article-15.html",""
"ravenport-blogs/page-3","havenfall-cover.webp","135712","used","ravenport-blogs/page-3/article-15.html",""
"ravenport-blogs/page-3","hitman.webp","57840","used","ravenport-blogs/page-3/page3.html",""
"ravenport-blogs/page-3","hitwoman.webp","48844","used","ravenport-blogs/page-3/page3.html",""
"ravenport-blogs/page-3","image-10.webp","58746","used","ravenport-blogs/page-3/page3.html",""
"ravenport-blogs/page-3","image-11.webp","326562","used","ravenport-blogs/page-3/page3.html",""
"ravenport-blogs/page-3","image-12.webp","140120","used","ravenport-blogs/page-3/page3.html",""
"ravenport-blogs/page-3","image-14.webp","96918","used","ravenport-blogs/page-3/page3.html",""
"ravenport-blogs/page-3","image-16.webp","98594","used","ravenport-blogs/page-3/page3.html",""
"ravenport-blogs/page-3","image-17.webp","98848","used","ravenport-blogs/page-3/page3.html",""
"ravenport-blogs/page-3","image-4.jpg","77094","used","ravenport-blogs/page-3/page3.html",""
"ravenport-blogs/page-3","image-5.webp","68488","used","ravenport-blogs/page-3/page3.html",""
"ravenport-blogs/page-3","image-6.webp","170484","used","ravenport-blogs/page-3/page3.html",""
"ravenport-blogs/page-3","image-7.webp","82180","used","ravenport-blogs/page-3/page3.html",""
"ravenport-blogs/page-3","invites.webp","139064","unused","","moved to _unused-images-removed"
"ravenport-blogs/page-3","jobs.jpg","96531","unused","","moved to _unused-images-removed"
"ravenport-blogs/page-3","jobs.webp","81196","unused","","moved to _unused-images-removed"
"ravenport-blogs/page-3","kidnap.webp","91848","used","ravenport-blogs/page-3/article-15.html",""
"ravenport-blogs/page-3","learners.webp","118738","unused","","moved to _unused-images-removed"
"ravenport-blogs/page-3","left-arrow.png","10972","used","ravenport-blogs/page-3/article-15.html",""
"ravenport-blogs/page-3","letheprofile.png","2018738","used","ravenport-blogs/page-3/page3.html",""
"ravenport-blogs/page-3","lonelymen.webp","45474","used","ravenport-blogs/page-3/page3.html",""
"ravenport-blogs/page-3","magazine.webp","139050","unused","","moved to _unused-images-removed"
"ravenport-blogs/page-3","nemxnovels-og.webp","116512","used","ravenport-blogs/page-3/page3.html",""
"ravenport-blogs/page-3","newspaper-folderwhite.png","13655","used","ravenport-blogs/page-3/article-15.html",""
"ravenport-blogs/page-3","nn-logo.png","43585","used","ravenport-blogs/page-3/article-15.html",""
"ravenport-blogs/page-3","occultarcana-cover.webp","79854","used","ravenport-blogs/page-3/article-15.html",""
"ravenport-blogs/page-3","powerlove.webp","175766","used","ravenport-blogs/page-3/page3.html",""
"ravenport-blogs/page-3","randell.webp","60050","unused","","moved to _unused-images-removed"
"ravenport-blogs/page-3","raphaasylum-cover.webp","127460","used","ravenport-blogs/page-3/article-15.html",""
"ravenport-blogs/page-3","rapper.webp","127114","unused","","moved to _unused-images-removed"
"ravenport-blogs/page-3","ravenport-cover.webp","77620","used","ravenport-blogs/page-3/article-15.html",""
"ravenport-blogs/page-3","ravenportog.webp","133362","unused","","moved to _unused-images-removed"
"ravenport-blogs/page-3","right-arrow-white.png","15661","used","ravenport-blogs/page-3/article-15.html",""
"ravenport-blogs/page-3","rules.jpg","39038","unused","","moved to _unused-images-removed"
"ravenport-blogs/page-3","sevensteps-cover.webp","57440","used","ravenport-blogs/page-3/article-15.html",""
"ravenport-blogs/page-3","someonewhostays-cover.webp","59202","used","ravenport-blogs/page-3/article-15.html",""
"ravenport-blogs/page-3","spy.png","1458601","unused","","moved to _unused-images-removed"
"ravenport-blogs/page-3","spy.webp","60074","unused","","moved to _unused-images-removed"
"ravenport-blogs/page-3","stoic.webp","32346","used","ravenport-blogs/page-3/article-17.html",""
"ravenport-blogs/page-3","templarson.webp","49996","used","ravenport-blogs/page-3/page3.html",""
"ravenport-blogs/page-3","thedead.webp","64680","used","ravenport-blogs/page-3/page3.html",""
"ravenport-blogs/page-3","thehelper.webp","47728","used","ravenport-blogs/page-3/article-19.html",""
"ravenport-blogs/page-3","up.png","5002","used","ravenport-blogs/page-3/article-15.html",""
"ravenport-blogs/page-3","videosblak.png","26900","used","ravenport-blogs/page-3/article-15.html",""
"ravenport-blogs/page-3","wall3.webp","57146","used","ravenport-blogs/page-3/article-15.html",""
"ravenport-blogs/page-3","wives.webp","80346","unused","","moved to _unused-images-removed"
"ravenport-blogs/page-3","zeke.webp","54426","used","ravenport-blogs/page-3/page3.html",""